filenames,label
train/0.jpg,12
train/1.jpg,33
train/2.jpg,4
train/3.jpg,42
train/4.jpg,26
train/5.jpg,0
train/6.jpg,2
train/7.jpg,31
train/8.jpg,25
train/9.jpg,18
train/10.jpg,4
train/11.jpg,6
train/12.jpg,33
train/13.jpg,28
train/14.jpg,45
train/15.jpg,40
train/16.jpg,27
train/17.jpg,45
train/18.jpg,4
train/19.jpg,27
train/20.jpg,45
train/21.jpg,10
train/22.jpg,16
train/23.jpg,18
train/24.jpg,10
train/25.jpg,36
train/26.jpg,37
train/27.jpg,18
train/28.jpg,31
train/29.jpg,20
train/30.jpg,37
train/31.jpg,14
train/32.jpg,37
train/33.jpg,39
train/34.jpg,10
train/35.jpg,31
train/36.jpg,0
train/37.jpg,25
train/38.jpg,5
train/39.jpg,45
train/40.jpg,42
train/41.jpg,7
train/42.jpg,27
train/43.jpg,3
train/44.jpg,38
train/45.jpg,38
train/46.jpg,15
train/47.jpg,25
train/48.jpg,3
train/49.jpg,40
train/50.jpg,28
train/51.jpg,36
train/52.jpg,7
train/53.jpg,12
train/54.jpg,0
train/55.jpg,23
train/56.jpg,24
train/57.jpg,37
train/58.jpg,10
train/59.jpg,32
train/60.jpg,30
train/61.jpg,2
train/62.jpg,48
train/63.jpg,45
train/64.jpg,40
train/65.jpg,26
train/66.jpg,40
train/67.jpg,45
train/68.jpg,23
train/69.jpg,19
train/70.jpg,33
train/71.jpg,15
train/72.jpg,31
train/73.jpg,42
train/74.jpg,18
train/75.jpg,20
train/76.jpg,0
train/77.jpg,28
train/78.jpg,4
train/79.jpg,18
train/80.jpg,40
train/81.jpg,32
train/82.jpg,15
train/83.jpg,17
train/84.jpg,1
train/85.jpg,5
train/86.jpg,8
train/87.jpg,44
train/88.jpg,29
train/89.jpg,43
train/90.jpg,10
train/91.jpg,1
train/92.jpg,31
train/93.jpg,5
train/94.jpg,28
train/95.jpg,45
train/96.jpg,14
train/97.jpg,31
train/98.jpg,22
train/99.jpg,29
train/100.jpg,5
train/101.jpg,0
train/102.jpg,49
train/103.jpg,39
train/104.jpg,26
train/105.jpg,20
train/106.jpg,23
train/107.jpg,36
train/108.jpg,14
train/109.jpg,41
train/110.jpg,28
train/111.jpg,36
train/112.jpg,14
train/113.jpg,35
train/114.jpg,37
train/115.jpg,17
train/116.jpg,33
train/117.jpg,41
train/118.jpg,30
train/119.jpg,34
train/120.jpg,8
train/121.jpg,49
train/122.jpg,42
train/123.jpg,45
train/124.jpg,34
train/125.jpg,12
train/126.jpg,35
train/127.jpg,29
train/128.jpg,49
train/129.jpg,23
train/130.jpg,39
train/131.jpg,34
train/132.jpg,7
train/133.jpg,17
train/134.jpg,47
train/135.jpg,28
train/136.jpg,5
train/137.jpg,41
train/138.jpg,22
train/139.jpg,46
train/140.jpg,10
train/141.jpg,12
train/142.jpg,24
train/143.jpg,19
train/144.jpg,17
train/145.jpg,25
train/146.jpg,17
train/147.jpg,41
train/148.jpg,15
train/149.jpg,37
train/150.jpg,17
train/151.jpg,8
train/152.jpg,28
train/153.jpg,31
train/154.jpg,30
train/155.jpg,40
train/156.jpg,12
train/157.jpg,22
train/158.jpg,33
train/159.jpg,4
train/160.jpg,3
train/161.jpg,2
train/162.jpg,21
train/163.jpg,33
train/164.jpg,7
train/165.jpg,0
train/166.jpg,28
train/167.jpg,38
train/168.jpg,40
train/169.jpg,26
train/170.jpg,2
train/171.jpg,40
train/172.jpg,4
train/173.jpg,13
train/174.jpg,7
train/175.jpg,5
train/176.jpg,17
train/177.jpg,45
train/178.jpg,35
train/179.jpg,49
train/180.jpg,21
train/181.jpg,3
train/182.jpg,0
train/183.jpg,26
train/184.jpg,21
train/185.jpg,13
train/186.jpg,44
train/187.jpg,20
train/188.jpg,10
train/189.jpg,44
train/190.jpg,15
train/191.jpg,41
train/192.jpg,4
train/193.jpg,18
train/194.jpg,26
train/195.jpg,36
train/196.jpg,49
train/197.jpg,13
train/198.jpg,24
train/199.jpg,28
train/200.jpg,43
train/201.jpg,21
train/202.jpg,19
train/203.jpg,0
train/204.jpg,15
train/205.jpg,41
train/206.jpg,38
train/207.jpg,23
train/208.jpg,8
train/209.jpg,48
train/210.jpg,19
train/211.jpg,13
train/212.jpg,2
train/213.jpg,16
train/214.jpg,37
train/215.jpg,4
train/216.jpg,48
train/217.jpg,9
train/218.jpg,13
train/219.jpg,17
train/220.jpg,17
train/221.jpg,26
train/222.jpg,7
train/223.jpg,49
train/224.jpg,33
train/225.jpg,7
train/226.jpg,32
train/227.jpg,16
train/228.jpg,43
train/229.jpg,4
train/230.jpg,14
train/231.jpg,22
train/232.jpg,7
train/233.jpg,15
train/234.jpg,26
train/235.jpg,19
train/236.jpg,33
train/237.jpg,49
train/238.jpg,13
train/239.jpg,25
train/240.jpg,31
train/241.jpg,4
train/242.jpg,7
train/243.jpg,32
train/244.jpg,36
train/245.jpg,17
train/246.jpg,15
train/247.jpg,12
train/248.jpg,40
train/249.jpg,30
train/250.jpg,48
train/251.jpg,30
train/252.jpg,1
train/253.jpg,2
train/254.jpg,39
train/255.jpg,39
train/256.jpg,47
train/257.jpg,42
train/258.jpg,29
train/259.jpg,37
train/260.jpg,47
train/261.jpg,35
train/262.jpg,7
train/263.jpg,8
train/264.jpg,37
train/265.jpg,0
train/266.jpg,6
train/267.jpg,31
train/268.jpg,41
train/269.jpg,28
train/270.jpg,48
train/271.jpg,38
train/272.jpg,31
train/273.jpg,29
train/274.jpg,34
train/275.jpg,49
train/276.jpg,39
train/277.jpg,9
train/278.jpg,47
train/279.jpg,18
train/280.jpg,35
train/281.jpg,15
train/282.jpg,42
train/283.jpg,12
train/284.jpg,21
train/285.jpg,31
train/286.jpg,16
train/287.jpg,31
train/288.jpg,47
train/289.jpg,37
train/290.jpg,16
train/291.jpg,2
train/292.jpg,26
train/293.jpg,43
train/294.jpg,3
train/295.jpg,33
train/296.jpg,41
train/297.jpg,41
train/298.jpg,17
train/299.jpg,10
train/300.jpg,10
train/301.jpg,2
train/302.jpg,10
train/303.jpg,42
train/304.jpg,5
train/305.jpg,12
train/306.jpg,34
train/307.jpg,40
train/308.jpg,44
train/309.jpg,37
train/310.jpg,20
train/311.jpg,17
train/312.jpg,37
train/313.jpg,47
train/314.jpg,35
train/315.jpg,36
train/316.jpg,33
train/317.jpg,47
train/318.jpg,7
train/319.jpg,8
train/320.jpg,14
train/321.jpg,8
train/322.jpg,21
train/323.jpg,5
train/324.jpg,2
train/325.jpg,45
train/326.jpg,38
train/327.jpg,39
train/328.jpg,5
train/329.jpg,13
train/330.jpg,41
train/331.jpg,34
train/332.jpg,28
train/333.jpg,32
train/334.jpg,30
train/335.jpg,27
train/336.jpg,42
train/337.jpg,3
train/338.jpg,21
train/339.jpg,0
train/340.jpg,9
train/341.jpg,33
train/342.jpg,39
train/343.jpg,43
train/344.jpg,33
train/345.jpg,17
train/346.jpg,9
train/347.jpg,11
train/348.jpg,7
train/349.jpg,5
train/350.jpg,0
train/351.jpg,47
train/352.jpg,21
train/353.jpg,22
train/354.jpg,32
train/355.jpg,18
train/356.jpg,44
train/357.jpg,47
train/358.jpg,14
train/359.jpg,24
train/360.jpg,37
train/361.jpg,37
train/362.jpg,49
train/363.jpg,9
train/364.jpg,43
train/365.jpg,38
train/366.jpg,14
train/367.jpg,17
train/368.jpg,7
train/369.jpg,34
train/370.jpg,14
train/371.jpg,45
train/372.jpg,13
train/373.jpg,20
train/374.jpg,40
train/375.jpg,40
train/376.jpg,18
train/377.jpg,4
train/378.jpg,2
train/379.jpg,21
train/380.jpg,42
train/381.jpg,48
train/382.jpg,32
train/383.jpg,35
train/384.jpg,34
train/385.jpg,32
train/386.jpg,33
train/387.jpg,11
train/388.jpg,17
train/389.jpg,3
train/390.jpg,18
train/391.jpg,42
train/392.jpg,40
train/393.jpg,44
train/394.jpg,36
train/395.jpg,49
train/396.jpg,19
train/397.jpg,25
train/398.jpg,33
train/399.jpg,29
train/400.jpg,33
train/401.jpg,18
train/402.jpg,40
train/403.jpg,45
train/404.jpg,34
train/405.jpg,4
train/406.jpg,11
train/407.jpg,38
train/408.jpg,38
train/409.jpg,13
train/410.jpg,36
train/411.jpg,15
train/412.jpg,6
train/413.jpg,9
train/414.jpg,1
train/415.jpg,10
train/416.jpg,38
train/417.jpg,34
train/418.jpg,14
train/419.jpg,5
train/420.jpg,8
train/421.jpg,2
train/422.jpg,15
train/423.jpg,9
train/424.jpg,47
train/425.jpg,39
train/426.jpg,34
train/427.jpg,1
train/428.jpg,18
train/429.jpg,13
train/430.jpg,13
train/431.jpg,10
train/432.jpg,25
train/433.jpg,14
train/434.jpg,37
train/435.jpg,0
train/436.jpg,48
train/437.jpg,22
train/438.jpg,7
train/439.jpg,49
train/440.jpg,1
train/441.jpg,24
train/442.jpg,6
train/443.jpg,45
train/444.jpg,23
train/445.jpg,1
train/446.jpg,48
train/447.jpg,4
train/448.jpg,0
train/449.jpg,37
train/450.jpg,49
train/451.jpg,12
train/452.jpg,24
train/453.jpg,47
train/454.jpg,25
train/455.jpg,41
train/456.jpg,38
train/457.jpg,4
train/458.jpg,48
train/459.jpg,12
train/460.jpg,11
train/461.jpg,42
train/462.jpg,24
train/463.jpg,28
train/464.jpg,11
train/465.jpg,2
train/466.jpg,42
train/467.jpg,37
train/468.jpg,24
train/469.jpg,42
train/470.jpg,22
train/471.jpg,15
train/472.jpg,30
train/473.jpg,18
train/474.jpg,18
train/475.jpg,39
train/476.jpg,25
train/477.jpg,36
train/478.jpg,49
train/479.jpg,16
train/480.jpg,27
train/481.jpg,29
train/482.jpg,16
train/483.jpg,6
train/484.jpg,19
train/485.jpg,26
train/486.jpg,14
train/487.jpg,33
train/488.jpg,16
train/489.jpg,39
train/490.jpg,18
train/491.jpg,48
train/492.jpg,38
train/493.jpg,34
train/494.jpg,14
train/495.jpg,3
train/496.jpg,47
train/497.jpg,8
train/498.jpg,10
train/499.jpg,29
train/500.jpg,32
train/501.jpg,30
train/502.jpg,27
train/503.jpg,45
train/504.jpg,9
train/505.jpg,35
train/506.jpg,1
train/507.jpg,36
train/508.jpg,42
train/509.jpg,38
train/510.jpg,21
train/511.jpg,18
train/512.jpg,34
train/513.jpg,10
train/514.jpg,34
train/515.jpg,27
train/516.jpg,28
train/517.jpg,31
train/518.jpg,19
train/519.jpg,3
train/520.jpg,29
train/521.jpg,3
train/522.jpg,37
train/523.jpg,24
train/524.jpg,8
train/525.jpg,3
train/526.jpg,44
train/527.jpg,34
train/528.jpg,39
train/529.jpg,22
train/530.jpg,48
train/531.jpg,22
train/532.jpg,20
train/533.jpg,48
train/534.jpg,45
train/535.jpg,5
train/536.jpg,9
train/537.jpg,38
train/538.jpg,11
train/539.jpg,29
train/540.jpg,36
train/541.jpg,21
train/542.jpg,11
train/543.jpg,32
train/544.jpg,33
train/545.jpg,1
train/546.jpg,44
train/547.jpg,43
train/548.jpg,11
train/549.jpg,20
train/550.jpg,45
train/551.jpg,16
train/552.jpg,25
train/553.jpg,10
train/554.jpg,24
train/555.jpg,17
train/556.jpg,47
train/557.jpg,46
train/558.jpg,5
train/559.jpg,46
train/560.jpg,37
train/561.jpg,33
train/562.jpg,1
train/563.jpg,2
train/564.jpg,39
train/565.jpg,28
train/566.jpg,31
train/567.jpg,39
train/568.jpg,22
train/569.jpg,32
train/570.jpg,41
train/571.jpg,38
train/572.jpg,28
train/573.jpg,44
train/574.jpg,9
train/575.jpg,1
train/576.jpg,26
train/577.jpg,33
train/578.jpg,24
train/579.jpg,46
train/580.jpg,1
train/581.jpg,7
train/582.jpg,37
train/583.jpg,38
train/584.jpg,6
train/585.jpg,47
train/586.jpg,18
train/587.jpg,42
train/588.jpg,25
train/589.jpg,11
train/590.jpg,35
train/591.jpg,6
train/592.jpg,35
train/593.jpg,33
train/594.jpg,35
train/595.jpg,37
train/596.jpg,17
train/597.jpg,27
train/598.jpg,31
train/599.jpg,23
train/600.jpg,40
train/601.jpg,47
train/602.jpg,25
train/603.jpg,21
train/604.jpg,40
train/605.jpg,11
train/606.jpg,24
train/607.jpg,3
train/608.jpg,14
train/609.jpg,22
train/610.jpg,42
train/611.jpg,19
train/612.jpg,12
train/613.jpg,23
train/614.jpg,38
train/615.jpg,17
train/616.jpg,28
train/617.jpg,35
train/618.jpg,15
train/619.jpg,13
train/620.jpg,19
train/621.jpg,5
train/622.jpg,4
train/623.jpg,33
train/624.jpg,5
train/625.jpg,29
train/626.jpg,28
train/627.jpg,49
train/628.jpg,41
train/629.jpg,44
train/630.jpg,33
train/631.jpg,31
train/632.jpg,20
train/633.jpg,46
train/634.jpg,10
train/635.jpg,28
train/636.jpg,18
train/637.jpg,11
train/638.jpg,2
train/639.jpg,44
train/640.jpg,12
train/641.jpg,37
train/642.jpg,30
train/643.jpg,18
train/644.jpg,33
train/645.jpg,37
train/646.jpg,30
train/647.jpg,25
train/648.jpg,46
train/649.jpg,2
train/650.jpg,21
train/651.jpg,4
train/652.jpg,31
train/653.jpg,16
train/654.jpg,40
train/655.jpg,39
train/656.jpg,26
train/657.jpg,37
train/658.jpg,1
train/659.jpg,49
train/660.jpg,36
train/661.jpg,34
train/662.jpg,13
train/663.jpg,0
train/664.jpg,8
train/665.jpg,4
train/666.jpg,12
train/667.jpg,12
train/668.jpg,10
train/669.jpg,37
train/670.jpg,12
train/671.jpg,14
train/672.jpg,5
train/673.jpg,26
train/674.jpg,16
train/675.jpg,28
train/676.jpg,1
train/677.jpg,40
train/678.jpg,5
train/679.jpg,26
train/680.jpg,30
train/681.jpg,40
train/682.jpg,15
train/683.jpg,38
train/684.jpg,33
train/685.jpg,31
train/686.jpg,35
train/687.jpg,30
train/688.jpg,38
train/689.jpg,43
train/690.jpg,13
train/691.jpg,3
train/692.jpg,22
train/693.jpg,6
train/694.jpg,18
train/695.jpg,41
train/696.jpg,37
train/697.jpg,26
train/698.jpg,30
train/699.jpg,17
train/700.jpg,13
train/701.jpg,1
train/702.jpg,34
train/703.jpg,10
train/704.jpg,5
train/705.jpg,25
train/706.jpg,46
train/707.jpg,8
train/708.jpg,43
train/709.jpg,25
train/710.jpg,35
train/711.jpg,37
train/712.jpg,16
train/713.jpg,34
train/714.jpg,19
train/715.jpg,39
train/716.jpg,17
train/717.jpg,49
train/718.jpg,18
train/719.jpg,13
train/720.jpg,27
train/721.jpg,7
train/722.jpg,38
train/723.jpg,23
train/724.jpg,30
train/725.jpg,9
train/726.jpg,43
train/727.jpg,24
train/728.jpg,32
train/729.jpg,32
train/730.jpg,4
train/731.jpg,30
train/732.jpg,44
train/733.jpg,21
train/734.jpg,28
train/735.jpg,16
train/736.jpg,39
train/737.jpg,8
train/738.jpg,36
train/739.jpg,47
train/740.jpg,43
train/741.jpg,22
train/742.jpg,35
train/743.jpg,5
train/744.jpg,33
train/745.jpg,49
train/746.jpg,5
train/747.jpg,9
train/748.jpg,6
train/749.jpg,30
train/750.jpg,47
train/751.jpg,32
train/752.jpg,41
train/753.jpg,3
train/754.jpg,19
train/755.jpg,25
train/756.jpg,0
train/757.jpg,39
train/758.jpg,45
train/759.jpg,28
train/760.jpg,32
train/761.jpg,46
train/762.jpg,18
train/763.jpg,16
train/764.jpg,40
train/765.jpg,12
train/766.jpg,36
train/767.jpg,20
train/768.jpg,5
train/769.jpg,40
train/770.jpg,16
train/771.jpg,17
train/772.jpg,6
train/773.jpg,28
train/774.jpg,36
train/775.jpg,42
train/776.jpg,13
train/777.jpg,15
train/778.jpg,38
train/779.jpg,49
train/780.jpg,19
train/781.jpg,1
train/782.jpg,21
train/783.jpg,31
train/784.jpg,41
train/785.jpg,1
train/786.jpg,43
train/787.jpg,30
train/788.jpg,41
train/789.jpg,36
train/790.jpg,1
train/791.jpg,26
train/792.jpg,22
train/793.jpg,1
train/794.jpg,40
train/795.jpg,33
train/796.jpg,25
train/797.jpg,39
train/798.jpg,35
train/799.jpg,37
train/800.jpg,27
train/801.jpg,5
train/802.jpg,32
train/803.jpg,11
train/804.jpg,22
train/805.jpg,2
train/806.jpg,4
train/807.jpg,21
train/808.jpg,37
train/809.jpg,45
train/810.jpg,37
train/811.jpg,49
train/812.jpg,38
train/813.jpg,17
train/814.jpg,6
train/815.jpg,42
train/816.jpg,0
train/817.jpg,41
train/818.jpg,47
train/819.jpg,34
train/820.jpg,21
train/821.jpg,13
train/822.jpg,31
train/823.jpg,28
train/824.jpg,20
train/825.jpg,30
train/826.jpg,34
train/827.jpg,13
train/828.jpg,25
train/829.jpg,12
train/830.jpg,4
train/831.jpg,10
train/832.jpg,36
train/833.jpg,40
train/834.jpg,10
train/835.jpg,29
train/836.jpg,37
train/837.jpg,47
train/838.jpg,21
train/839.jpg,20
train/840.jpg,47
train/841.jpg,8
train/842.jpg,14
train/843.jpg,47
train/844.jpg,8
train/845.jpg,9
train/846.jpg,1
train/847.jpg,24
train/848.jpg,9
train/849.jpg,14
train/850.jpg,48
train/851.jpg,4
train/852.jpg,0
train/853.jpg,12
train/854.jpg,12
train/855.jpg,37
train/856.jpg,43
train/857.jpg,47
train/858.jpg,31
train/859.jpg,7
train/860.jpg,47
train/861.jpg,5
train/862.jpg,48
train/863.jpg,45
train/864.jpg,17
train/865.jpg,45
train/866.jpg,37
train/867.jpg,17
train/868.jpg,40
train/869.jpg,0
train/870.jpg,30
train/871.jpg,18
train/872.jpg,7
train/873.jpg,15
train/874.jpg,0
train/875.jpg,16
train/876.jpg,48
train/877.jpg,19
train/878.jpg,40
train/879.jpg,7
train/880.jpg,8
train/881.jpg,0
train/882.jpg,49
train/883.jpg,1
train/884.jpg,1
train/885.jpg,45
train/886.jpg,22
train/887.jpg,27
train/888.jpg,34
train/889.jpg,42
train/890.jpg,5
train/891.jpg,37
train/892.jpg,28
train/893.jpg,7
train/894.jpg,18
train/895.jpg,35
train/896.jpg,6
train/897.jpg,5
train/898.jpg,31
train/899.jpg,13
train/900.jpg,40
train/901.jpg,30
train/902.jpg,38
train/903.jpg,48
train/904.jpg,26
train/905.jpg,20
train/906.jpg,22
train/907.jpg,1
train/908.jpg,16
train/909.jpg,32
train/910.jpg,41
train/911.jpg,46
train/912.jpg,18
train/913.jpg,29
train/914.jpg,36
train/915.jpg,21
train/916.jpg,31
train/917.jpg,11
train/918.jpg,15
train/919.jpg,41
train/920.jpg,43
train/921.jpg,13
train/922.jpg,28
train/923.jpg,5
train/924.jpg,4
train/925.jpg,17
train/926.jpg,17
train/927.jpg,17
train/928.jpg,14
train/929.jpg,37
train/930.jpg,2
train/931.jpg,4
train/932.jpg,42
train/933.jpg,19
train/934.jpg,23
train/935.jpg,2
train/936.jpg,1
train/937.jpg,46
train/938.jpg,34
train/939.jpg,27
train/940.jpg,30
train/941.jpg,10
train/942.jpg,5
train/943.jpg,15
train/944.jpg,30
train/945.jpg,47
train/946.jpg,11
train/947.jpg,36
train/948.jpg,9
train/949.jpg,48
train/950.jpg,24
train/951.jpg,5
train/952.jpg,29
train/953.jpg,29
train/954.jpg,30
train/955.jpg,1
train/956.jpg,17
train/957.jpg,20
train/958.jpg,1
train/959.jpg,41
train/960.jpg,10
train/961.jpg,30
train/962.jpg,1
train/963.jpg,16
train/964.jpg,14
train/965.jpg,20
train/966.jpg,22
train/967.jpg,9
train/968.jpg,33
train/969.jpg,39
train/970.jpg,49
train/971.jpg,4
train/972.jpg,20
train/973.jpg,16
train/974.jpg,32
train/975.jpg,16
train/976.jpg,32
train/977.jpg,3
train/978.jpg,13
train/979.jpg,4
train/980.jpg,4
train/981.jpg,22
train/982.jpg,36
train/983.jpg,5
train/984.jpg,29
train/985.jpg,42
train/986.jpg,39
train/987.jpg,5
train/988.jpg,1
train/989.jpg,47
train/990.jpg,23
train/991.jpg,10
train/992.jpg,25
train/993.jpg,15
train/994.jpg,1
train/995.jpg,12
train/996.jpg,5
train/997.jpg,4
train/998.jpg,36
train/999.jpg,16
train/1000.jpg,9
train/1001.jpg,39
train/1002.jpg,33
train/1003.jpg,41
train/1004.jpg,25
train/1005.jpg,6
train/1006.jpg,22
train/1007.jpg,28
train/1008.jpg,40
train/1009.jpg,11
train/1010.jpg,15
train/1011.jpg,47
train/1012.jpg,29
train/1013.jpg,9
train/1014.jpg,4
train/1015.jpg,35
train/1016.jpg,11
train/1017.jpg,15
train/1018.jpg,1
train/1019.jpg,46
train/1020.jpg,12
train/1021.jpg,11
train/1022.jpg,24
train/1023.jpg,20
train/1024.jpg,20
train/1025.jpg,48
train/1026.jpg,45
train/1027.jpg,44
train/1028.jpg,27
train/1029.jpg,16
train/1030.jpg,30
train/1031.jpg,8
train/1032.jpg,34
train/1033.jpg,16
train/1034.jpg,36
train/1035.jpg,46
train/1036.jpg,22
train/1037.jpg,9
train/1038.jpg,15
train/1039.jpg,23
train/1040.jpg,14
train/1041.jpg,15
train/1042.jpg,39
train/1043.jpg,45
train/1044.jpg,10
train/1045.jpg,40
train/1046.jpg,14
train/1047.jpg,10
train/1048.jpg,10
train/1049.jpg,49
train/1050.jpg,39
train/1051.jpg,24
train/1052.jpg,40
train/1053.jpg,25
train/1054.jpg,48
train/1055.jpg,25
train/1056.jpg,37
train/1057.jpg,12
train/1058.jpg,49
train/1059.jpg,10
train/1060.jpg,49
train/1061.jpg,10
train/1062.jpg,19
train/1063.jpg,19
train/1064.jpg,15
train/1065.jpg,41
train/1066.jpg,1
train/1067.jpg,15
train/1068.jpg,8
train/1069.jpg,43
train/1070.jpg,48
train/1071.jpg,41
train/1072.jpg,5
train/1073.jpg,25
train/1074.jpg,41
train/1075.jpg,31
train/1076.jpg,41
train/1077.jpg,42
train/1078.jpg,40
train/1079.jpg,0
train/1080.jpg,47
train/1081.jpg,11
train/1082.jpg,41
train/1083.jpg,35
train/1084.jpg,6
train/1085.jpg,30
train/1086.jpg,6
train/1087.jpg,31
train/1088.jpg,7
train/1089.jpg,25
train/1090.jpg,35
train/1091.jpg,34
train/1092.jpg,24
train/1093.jpg,10
train/1094.jpg,10
train/1095.jpg,18
train/1096.jpg,23
train/1097.jpg,30
train/1098.jpg,6
train/1099.jpg,33
train/1100.jpg,16
train/1101.jpg,13
train/1102.jpg,37
train/1103.jpg,28
train/1104.jpg,24
train/1105.jpg,41
train/1106.jpg,11
train/1107.jpg,45
train/1108.jpg,33
train/1109.jpg,43
train/1110.jpg,39
train/1111.jpg,9
train/1112.jpg,46
train/1113.jpg,39
train/1114.jpg,33
train/1115.jpg,14
train/1116.jpg,12
train/1117.jpg,35
train/1118.jpg,2
train/1119.jpg,24
train/1120.jpg,14
train/1121.jpg,48
train/1122.jpg,0
train/1123.jpg,39
train/1124.jpg,10
train/1125.jpg,49
train/1126.jpg,15
train/1127.jpg,18
train/1128.jpg,2
train/1129.jpg,17
train/1130.jpg,40
train/1131.jpg,21
train/1132.jpg,37
train/1133.jpg,12
train/1134.jpg,13
train/1135.jpg,45
train/1136.jpg,47
train/1137.jpg,19
train/1138.jpg,12
train/1139.jpg,31
train/1140.jpg,31
train/1141.jpg,29
train/1142.jpg,9
train/1143.jpg,17
train/1144.jpg,39
train/1145.jpg,4
train/1146.jpg,22
train/1147.jpg,24
train/1148.jpg,5
train/1149.jpg,27
train/1150.jpg,10
train/1151.jpg,20
train/1152.jpg,13
train/1153.jpg,39
train/1154.jpg,34
train/1155.jpg,34
train/1156.jpg,15
train/1157.jpg,29
train/1158.jpg,34
train/1159.jpg,47
train/1160.jpg,34
train/1161.jpg,28
train/1162.jpg,39
train/1163.jpg,24
train/1164.jpg,2
train/1165.jpg,34
train/1166.jpg,3
train/1167.jpg,41
train/1168.jpg,34
train/1169.jpg,49
train/1170.jpg,47
train/1171.jpg,36
train/1172.jpg,16
train/1173.jpg,42
train/1174.jpg,48
train/1175.jpg,35
train/1176.jpg,42
train/1177.jpg,21
train/1178.jpg,19
train/1179.jpg,5
train/1180.jpg,41
train/1181.jpg,4
train/1182.jpg,4
train/1183.jpg,48
train/1184.jpg,5
train/1185.jpg,16
train/1186.jpg,48
train/1187.jpg,8
train/1188.jpg,28
train/1189.jpg,6
train/1190.jpg,9
train/1191.jpg,44
train/1192.jpg,13
train/1193.jpg,6
train/1194.jpg,11
train/1195.jpg,41
train/1196.jpg,10
train/1197.jpg,17
train/1198.jpg,6
train/1199.jpg,48
train/1200.jpg,20
train/1201.jpg,22
train/1202.jpg,40
train/1203.jpg,20
train/1204.jpg,40
train/1205.jpg,25
train/1206.jpg,36
train/1207.jpg,39
train/1208.jpg,34
train/1209.jpg,39
train/1210.jpg,38
train/1211.jpg,39
train/1212.jpg,21
train/1213.jpg,34
train/1214.jpg,10
train/1215.jpg,42
train/1216.jpg,46
train/1217.jpg,15
train/1218.jpg,5
train/1219.jpg,0
train/1220.jpg,44
train/1221.jpg,7
train/1222.jpg,10
train/1223.jpg,10
train/1224.jpg,38
train/1225.jpg,24
train/1226.jpg,10
train/1227.jpg,38
train/1228.jpg,42
train/1229.jpg,45
train/1230.jpg,23
train/1231.jpg,39
train/1232.jpg,35
train/1233.jpg,11
train/1234.jpg,46
train/1235.jpg,9
train/1236.jpg,11
train/1237.jpg,3
train/1238.jpg,3
train/1239.jpg,29
train/1240.jpg,42
train/1241.jpg,32
train/1242.jpg,29
train/1243.jpg,0
train/1244.jpg,47
train/1245.jpg,36
train/1246.jpg,6
train/1247.jpg,16
train/1248.jpg,12
train/1249.jpg,24
train/1250.jpg,6
train/1251.jpg,26
train/1252.jpg,37
train/1253.jpg,26
train/1254.jpg,12
train/1255.jpg,9
train/1256.jpg,10
train/1257.jpg,48
train/1258.jpg,34
train/1259.jpg,34
train/1260.jpg,19
train/1261.jpg,46
train/1262.jpg,0
train/1263.jpg,30
train/1264.jpg,45
train/1265.jpg,17
train/1266.jpg,41
train/1267.jpg,25
train/1268.jpg,15
train/1269.jpg,39
train/1270.jpg,6
train/1271.jpg,39
train/1272.jpg,40
train/1273.jpg,7
train/1274.jpg,21
train/1275.jpg,18
train/1276.jpg,13
train/1277.jpg,18
train/1278.jpg,49
train/1279.jpg,30
train/1280.jpg,14
train/1281.jpg,33
train/1282.jpg,12
train/1283.jpg,4
train/1284.jpg,36
train/1285.jpg,40
train/1286.jpg,14
train/1287.jpg,26
train/1288.jpg,4
train/1289.jpg,21
train/1290.jpg,40
train/1291.jpg,22
train/1292.jpg,28
train/1293.jpg,18
train/1294.jpg,16
train/1295.jpg,31
train/1296.jpg,25
train/1297.jpg,10
train/1298.jpg,6
train/1299.jpg,35
train/1300.jpg,0
train/1301.jpg,10
train/1302.jpg,27
train/1303.jpg,25
train/1304.jpg,17
train/1305.jpg,34
train/1306.jpg,49
train/1307.jpg,3
train/1308.jpg,33
train/1309.jpg,25
train/1310.jpg,24
train/1311.jpg,13
train/1312.jpg,29
train/1313.jpg,17
train/1314.jpg,49
train/1315.jpg,28
train/1316.jpg,13
train/1317.jpg,17
train/1318.jpg,23
train/1319.jpg,25
train/1320.jpg,38
train/1321.jpg,49
train/1322.jpg,15
train/1323.jpg,49
train/1324.jpg,0
train/1325.jpg,38
train/1326.jpg,18
train/1327.jpg,16
train/1328.jpg,8
train/1329.jpg,13
train/1330.jpg,16
train/1331.jpg,32
train/1332.jpg,7
train/1333.jpg,4
train/1334.jpg,42
train/1335.jpg,13
train/1336.jpg,3
train/1337.jpg,35
train/1338.jpg,27
train/1339.jpg,46
train/1340.jpg,29
train/1341.jpg,45
train/1342.jpg,4
train/1343.jpg,49
train/1344.jpg,29
train/1345.jpg,40
train/1346.jpg,25
train/1347.jpg,3
train/1348.jpg,30
train/1349.jpg,16
train/1350.jpg,46
train/1351.jpg,15
train/1352.jpg,41
train/1353.jpg,34
train/1354.jpg,42
train/1355.jpg,35
train/1356.jpg,7
train/1357.jpg,21
train/1358.jpg,32
train/1359.jpg,37
train/1360.jpg,29
train/1361.jpg,21
train/1362.jpg,36
train/1363.jpg,24
train/1364.jpg,36
train/1365.jpg,47
train/1366.jpg,12
train/1367.jpg,4
train/1368.jpg,20
train/1369.jpg,22
train/1370.jpg,29
train/1371.jpg,18
train/1372.jpg,31
train/1373.jpg,2
train/1374.jpg,41
train/1375.jpg,8
train/1376.jpg,4
train/1377.jpg,38
train/1378.jpg,48
train/1379.jpg,24
train/1380.jpg,40
train/1381.jpg,38
train/1382.jpg,32
train/1383.jpg,42
train/1384.jpg,44
train/1385.jpg,3
train/1386.jpg,49
train/1387.jpg,46
train/1388.jpg,6
train/1389.jpg,10
train/1390.jpg,26
train/1391.jpg,5
train/1392.jpg,41
train/1393.jpg,41
train/1394.jpg,9
train/1395.jpg,44
train/1396.jpg,32
train/1397.jpg,37
train/1398.jpg,40
train/1399.jpg,23
train/1400.jpg,45
train/1401.jpg,39
train/1402.jpg,38
train/1403.jpg,28
train/1404.jpg,39
train/1405.jpg,41
train/1406.jpg,44
train/1407.jpg,0
train/1408.jpg,14
train/1409.jpg,45
train/1410.jpg,35
train/1411.jpg,41
train/1412.jpg,12
train/1413.jpg,48
train/1414.jpg,10
train/1415.jpg,43
train/1416.jpg,40
train/1417.jpg,36
train/1418.jpg,19
train/1419.jpg,13
train/1420.jpg,47
train/1421.jpg,43
train/1422.jpg,4
train/1423.jpg,31
train/1424.jpg,39
train/1425.jpg,46
train/1426.jpg,6
train/1427.jpg,15
train/1428.jpg,18
train/1429.jpg,43
train/1430.jpg,42
train/1431.jpg,12
train/1432.jpg,33
train/1433.jpg,4
train/1434.jpg,21
train/1435.jpg,48
train/1436.jpg,24
train/1437.jpg,43
train/1438.jpg,43
train/1439.jpg,3
train/1440.jpg,14
train/1441.jpg,12
train/1442.jpg,16
train/1443.jpg,30
train/1444.jpg,38
train/1445.jpg,10
train/1446.jpg,6
train/1447.jpg,49
train/1448.jpg,43
train/1449.jpg,22
train/1450.jpg,32
train/1451.jpg,44
train/1452.jpg,32
train/1453.jpg,13
train/1454.jpg,25
train/1455.jpg,31
train/1456.jpg,14
train/1457.jpg,40
train/1458.jpg,44
train/1459.jpg,11
train/1460.jpg,48
train/1461.jpg,2
train/1462.jpg,39
train/1463.jpg,7
train/1464.jpg,28
train/1465.jpg,49
train/1466.jpg,23
train/1467.jpg,40
train/1468.jpg,43
train/1469.jpg,14
train/1470.jpg,2
train/1471.jpg,27
train/1472.jpg,37
train/1473.jpg,49
train/1474.jpg,46
train/1475.jpg,17
train/1476.jpg,13
train/1477.jpg,26
train/1478.jpg,33
train/1479.jpg,23
train/1480.jpg,25
train/1481.jpg,26
train/1482.jpg,39
train/1483.jpg,10
train/1484.jpg,10
train/1485.jpg,20
train/1486.jpg,2
train/1487.jpg,36
train/1488.jpg,27
train/1489.jpg,38
train/1490.jpg,19
train/1491.jpg,13
train/1492.jpg,26
train/1493.jpg,41
train/1494.jpg,17
train/1495.jpg,7
train/1496.jpg,49
train/1497.jpg,14
train/1498.jpg,9
train/1499.jpg,10
train/1500.jpg,29
train/1501.jpg,46
train/1502.jpg,25
train/1503.jpg,6
train/1504.jpg,18
train/1505.jpg,5
train/1506.jpg,15
train/1507.jpg,25
train/1508.jpg,24
train/1509.jpg,46
train/1510.jpg,48
train/1511.jpg,46
train/1512.jpg,32
train/1513.jpg,42
train/1514.jpg,10
train/1515.jpg,18
train/1516.jpg,12
train/1517.jpg,37
train/1518.jpg,5
train/1519.jpg,7
train/1520.jpg,43
train/1521.jpg,9
train/1522.jpg,34
train/1523.jpg,1
train/1524.jpg,24
train/1525.jpg,23
train/1526.jpg,31
train/1527.jpg,48
train/1528.jpg,41
train/1529.jpg,46
train/1530.jpg,27
train/1531.jpg,14
train/1532.jpg,49
train/1533.jpg,15
train/1534.jpg,37
train/1535.jpg,30
train/1536.jpg,34
train/1537.jpg,30
train/1538.jpg,28
train/1539.jpg,4
train/1540.jpg,3
train/1541.jpg,3
train/1542.jpg,13
train/1543.jpg,40
train/1544.jpg,20
train/1545.jpg,1
train/1546.jpg,48
train/1547.jpg,15
train/1548.jpg,46
train/1549.jpg,3
train/1550.jpg,42
train/1551.jpg,5
train/1552.jpg,47
train/1553.jpg,3
train/1554.jpg,17
train/1555.jpg,4
train/1556.jpg,25
train/1557.jpg,1
train/1558.jpg,6
train/1559.jpg,28
train/1560.jpg,12
train/1561.jpg,30
train/1562.jpg,12
train/1563.jpg,29
train/1564.jpg,9
train/1565.jpg,10
train/1566.jpg,37
train/1567.jpg,11
train/1568.jpg,44
train/1569.jpg,28
train/1570.jpg,27
train/1571.jpg,5
train/1572.jpg,3
train/1573.jpg,19
train/1574.jpg,1
train/1575.jpg,33
train/1576.jpg,26
train/1577.jpg,15
train/1578.jpg,46
train/1579.jpg,35
train/1580.jpg,33
train/1581.jpg,39
train/1582.jpg,20
train/1583.jpg,30
train/1584.jpg,43
train/1585.jpg,4
train/1586.jpg,31
train/1587.jpg,10
train/1588.jpg,41
train/1589.jpg,14
train/1590.jpg,0
train/1591.jpg,48
train/1592.jpg,9
train/1593.jpg,48
train/1594.jpg,21
train/1595.jpg,0
train/1596.jpg,2
train/1597.jpg,25
train/1598.jpg,46
train/1599.jpg,3
train/1600.jpg,18
train/1601.jpg,49
train/1602.jpg,34
train/1603.jpg,26
train/1604.jpg,36
train/1605.jpg,40
train/1606.jpg,13
train/1607.jpg,2
train/1608.jpg,32
train/1609.jpg,49
train/1610.jpg,17
train/1611.jpg,44
train/1612.jpg,43
train/1613.jpg,39
train/1614.jpg,20
train/1615.jpg,3
train/1616.jpg,47
train/1617.jpg,2
train/1618.jpg,22
train/1619.jpg,15
train/1620.jpg,33
train/1621.jpg,23
train/1622.jpg,40
train/1623.jpg,37
train/1624.jpg,36
train/1625.jpg,25
train/1626.jpg,26
train/1627.jpg,36
train/1628.jpg,17
train/1629.jpg,4
train/1630.jpg,19
train/1631.jpg,15
train/1632.jpg,15
train/1633.jpg,35
train/1634.jpg,42
train/1635.jpg,16
train/1636.jpg,15
train/1637.jpg,8
train/1638.jpg,14
train/1639.jpg,29
train/1640.jpg,24
train/1641.jpg,9
train/1642.jpg,27
train/1643.jpg,25
train/1644.jpg,12
train/1645.jpg,30
train/1646.jpg,32
train/1647.jpg,37
train/1648.jpg,10
train/1649.jpg,35
train/1650.jpg,3
train/1651.jpg,28
train/1652.jpg,13
train/1653.jpg,27
train/1654.jpg,26
train/1655.jpg,38
train/1656.jpg,25
train/1657.jpg,18
train/1658.jpg,49
train/1659.jpg,7
train/1660.jpg,48
train/1661.jpg,44
train/1662.jpg,35
train/1663.jpg,12
train/1664.jpg,27
train/1665.jpg,48
train/1666.jpg,48
train/1667.jpg,1
train/1668.jpg,0
train/1669.jpg,8
train/1670.jpg,9
train/1671.jpg,42
train/1672.jpg,19
train/1673.jpg,30
train/1674.jpg,22
train/1675.jpg,49
train/1676.jpg,46
train/1677.jpg,40
train/1678.jpg,43
train/1679.jpg,38
train/1680.jpg,19
train/1681.jpg,17
train/1682.jpg,15
train/1683.jpg,19
train/1684.jpg,38
train/1685.jpg,29
train/1686.jpg,10
train/1687.jpg,47
train/1688.jpg,30
train/1689.jpg,1
train/1690.jpg,8
train/1691.jpg,35
train/1692.jpg,17
train/1693.jpg,8
train/1694.jpg,14
train/1695.jpg,26
train/1696.jpg,26
train/1697.jpg,20
train/1698.jpg,22
train/1699.jpg,14
train/1700.jpg,17
train/1701.jpg,0
train/1702.jpg,49
train/1703.jpg,9
train/1704.jpg,30
train/1705.jpg,39
train/1706.jpg,4
train/1707.jpg,43
train/1708.jpg,32
train/1709.jpg,4
train/1710.jpg,8
train/1711.jpg,9
train/1712.jpg,20
train/1713.jpg,34
train/1714.jpg,1
train/1715.jpg,30
train/1716.jpg,14
train/1717.jpg,47
train/1718.jpg,25
train/1719.jpg,32
train/1720.jpg,47
train/1721.jpg,32
train/1722.jpg,36
train/1723.jpg,33
train/1724.jpg,7
train/1725.jpg,13
train/1726.jpg,6
train/1727.jpg,2
train/1728.jpg,21
train/1729.jpg,17
train/1730.jpg,48
train/1731.jpg,27
train/1732.jpg,9
train/1733.jpg,38
train/1734.jpg,37
train/1735.jpg,20
train/1736.jpg,4
train/1737.jpg,49
train/1738.jpg,35
train/1739.jpg,25
train/1740.jpg,4
train/1741.jpg,6
train/1742.jpg,6
train/1743.jpg,43
train/1744.jpg,46
train/1745.jpg,17
train/1746.jpg,20
train/1747.jpg,22
train/1748.jpg,20
train/1749.jpg,20
train/1750.jpg,1
train/1751.jpg,3
train/1752.jpg,44
train/1753.jpg,37
train/1754.jpg,14
train/1755.jpg,17
train/1756.jpg,28
train/1757.jpg,3
train/1758.jpg,10
train/1759.jpg,22
train/1760.jpg,1
train/1761.jpg,0
train/1762.jpg,36
train/1763.jpg,5
train/1764.jpg,44
train/1765.jpg,15
train/1766.jpg,18
train/1767.jpg,19
train/1768.jpg,5
train/1769.jpg,7
train/1770.jpg,24
train/1771.jpg,42
train/1772.jpg,0
train/1773.jpg,32
train/1774.jpg,38
train/1775.jpg,36
train/1776.jpg,16
train/1777.jpg,39
train/1778.jpg,30
train/1779.jpg,18
train/1780.jpg,27
train/1781.jpg,23
train/1782.jpg,29
train/1783.jpg,11
train/1784.jpg,13
train/1785.jpg,12
train/1786.jpg,13
train/1787.jpg,26
train/1788.jpg,4
train/1789.jpg,46
train/1790.jpg,13
train/1791.jpg,11
train/1792.jpg,10
train/1793.jpg,49
train/1794.jpg,15
train/1795.jpg,41
train/1796.jpg,24
train/1797.jpg,38
train/1798.jpg,23
train/1799.jpg,32
train/1800.jpg,35
train/1801.jpg,31
train/1802.jpg,20
train/1803.jpg,8
train/1804.jpg,5
train/1805.jpg,47
train/1806.jpg,9
train/1807.jpg,7
train/1808.jpg,33
train/1809.jpg,2
train/1810.jpg,36
train/1811.jpg,36
train/1812.jpg,48
train/1813.jpg,38
train/1814.jpg,31
train/1815.jpg,17
train/1816.jpg,24
train/1817.jpg,13
train/1818.jpg,27
train/1819.jpg,23
train/1820.jpg,49
train/1821.jpg,29
train/1822.jpg,37
train/1823.jpg,47
train/1824.jpg,48
train/1825.jpg,23
train/1826.jpg,27
train/1827.jpg,6
train/1828.jpg,15
train/1829.jpg,31
train/1830.jpg,13
train/1831.jpg,35
train/1832.jpg,39
train/1833.jpg,21
train/1834.jpg,12
train/1835.jpg,48
train/1836.jpg,20
train/1837.jpg,45
train/1838.jpg,10
train/1839.jpg,47
train/1840.jpg,1
train/1841.jpg,43
train/1842.jpg,49
train/1843.jpg,16
train/1844.jpg,27
train/1845.jpg,39
train/1846.jpg,36
train/1847.jpg,40
train/1848.jpg,0
train/1849.jpg,35
train/1850.jpg,40
train/1851.jpg,1
train/1852.jpg,33
train/1853.jpg,19
train/1854.jpg,18
train/1855.jpg,42
train/1856.jpg,48
train/1857.jpg,9
train/1858.jpg,10
train/1859.jpg,24
train/1860.jpg,40
train/1861.jpg,4
train/1862.jpg,23
train/1863.jpg,25
train/1864.jpg,36
train/1865.jpg,24
train/1866.jpg,0
train/1867.jpg,24
train/1868.jpg,26
train/1869.jpg,29
train/1870.jpg,37
train/1871.jpg,49
train/1872.jpg,14
train/1873.jpg,42
train/1874.jpg,17
train/1875.jpg,3
train/1876.jpg,48
train/1877.jpg,22
train/1878.jpg,40
train/1879.jpg,8
train/1880.jpg,4
train/1881.jpg,48
train/1882.jpg,2
train/1883.jpg,21
train/1884.jpg,27
train/1885.jpg,33
train/1886.jpg,37
train/1887.jpg,33
train/1888.jpg,14
train/1889.jpg,37
train/1890.jpg,13
train/1891.jpg,0
train/1892.jpg,41
train/1893.jpg,28
train/1894.jpg,19
train/1895.jpg,24
train/1896.jpg,49
train/1897.jpg,43
train/1898.jpg,49
train/1899.jpg,19
train/1900.jpg,30
train/1901.jpg,20
train/1902.jpg,9
train/1903.jpg,34
train/1904.jpg,44
train/1905.jpg,7
train/1906.jpg,43
train/1907.jpg,31
train/1908.jpg,31
train/1909.jpg,21
train/1910.jpg,29
train/1911.jpg,41
train/1912.jpg,29
train/1913.jpg,8
train/1914.jpg,37
train/1915.jpg,32
train/1916.jpg,36
train/1917.jpg,6
train/1918.jpg,8
train/1919.jpg,28
train/1920.jpg,28
train/1921.jpg,29
train/1922.jpg,21
train/1923.jpg,17
train/1924.jpg,49
train/1925.jpg,33
train/1926.jpg,26
train/1927.jpg,49
train/1928.jpg,30
train/1929.jpg,41
train/1930.jpg,23
train/1931.jpg,7
train/1932.jpg,42
train/1933.jpg,22
train/1934.jpg,32
train/1935.jpg,11
train/1936.jpg,2
train/1937.jpg,32
train/1938.jpg,21
train/1939.jpg,20
train/1940.jpg,39
train/1941.jpg,36
train/1942.jpg,27
train/1943.jpg,26
train/1944.jpg,46
train/1945.jpg,17
train/1946.jpg,5
train/1947.jpg,29
train/1948.jpg,22
train/1949.jpg,14
train/1950.jpg,1
train/1951.jpg,23
train/1952.jpg,1
train/1953.jpg,23
train/1954.jpg,36
train/1955.jpg,13
train/1956.jpg,7
train/1957.jpg,20
train/1958.jpg,9
train/1959.jpg,31
train/1960.jpg,1
train/1961.jpg,4
train/1962.jpg,21
train/1963.jpg,10
train/1964.jpg,36
train/1965.jpg,2
train/1966.jpg,49
train/1967.jpg,22
train/1968.jpg,43
train/1969.jpg,42
train/1970.jpg,38
train/1971.jpg,9
train/1972.jpg,26
train/1973.jpg,34
train/1974.jpg,20
train/1975.jpg,21
train/1976.jpg,36
train/1977.jpg,4
train/1978.jpg,27
train/1979.jpg,40
train/1980.jpg,23
train/1981.jpg,10
train/1982.jpg,4
train/1983.jpg,10
train/1984.jpg,15
train/1985.jpg,29
train/1986.jpg,41
train/1987.jpg,44
train/1988.jpg,20
train/1989.jpg,29
train/1990.jpg,35
train/1991.jpg,20
train/1992.jpg,18
train/1993.jpg,28
train/1994.jpg,18
train/1995.jpg,15
train/1996.jpg,22
train/1997.jpg,33
train/1998.jpg,13
train/1999.jpg,34
train/2000.jpg,35
train/2001.jpg,8
train/2002.jpg,27
train/2003.jpg,26
train/2004.jpg,7
train/2005.jpg,24
train/2006.jpg,23
train/2007.jpg,10
train/2008.jpg,42
train/2009.jpg,8
train/2010.jpg,21
train/2011.jpg,24
train/2012.jpg,33
train/2013.jpg,19
train/2014.jpg,20
train/2015.jpg,40
train/2016.jpg,25
train/2017.jpg,2
train/2018.jpg,14
train/2019.jpg,23
train/2020.jpg,47
train/2021.jpg,29
train/2022.jpg,36
train/2023.jpg,0
train/2024.jpg,20
train/2025.jpg,14
train/2026.jpg,32
train/2027.jpg,2
train/2028.jpg,12
train/2029.jpg,38
train/2030.jpg,45
train/2031.jpg,40
train/2032.jpg,18
train/2033.jpg,31
train/2034.jpg,39
train/2035.jpg,12
train/2036.jpg,22
train/2037.jpg,12
train/2038.jpg,38
train/2039.jpg,1
train/2040.jpg,34
train/2041.jpg,31
train/2042.jpg,20
train/2043.jpg,34
train/2044.jpg,47
train/2045.jpg,32
train/2046.jpg,17
train/2047.jpg,44
train/2048.jpg,40
train/2049.jpg,5
train/2050.jpg,21
train/2051.jpg,6
train/2052.jpg,9
train/2053.jpg,35
train/2054.jpg,28
train/2055.jpg,26
train/2056.jpg,29
train/2057.jpg,17
train/2058.jpg,1
train/2059.jpg,43
train/2060.jpg,42
train/2061.jpg,27
train/2062.jpg,40
train/2063.jpg,31
train/2064.jpg,33
train/2065.jpg,36
train/2066.jpg,33
train/2067.jpg,40
train/2068.jpg,30
train/2069.jpg,40
train/2070.jpg,26
train/2071.jpg,8
train/2072.jpg,11
train/2073.jpg,24
train/2074.jpg,7
train/2075.jpg,1
train/2076.jpg,2
train/2077.jpg,34
train/2078.jpg,2
train/2079.jpg,21
train/2080.jpg,12
train/2081.jpg,26
train/2082.jpg,28
train/2083.jpg,48
train/2084.jpg,10
train/2085.jpg,21
train/2086.jpg,26
train/2087.jpg,1
train/2088.jpg,45
train/2089.jpg,17
train/2090.jpg,6
train/2091.jpg,3
train/2092.jpg,12
train/2093.jpg,44
train/2094.jpg,2
train/2095.jpg,18
train/2096.jpg,45
train/2097.jpg,39
train/2098.jpg,22
train/2099.jpg,27
train/2100.jpg,22
train/2101.jpg,24
train/2102.jpg,40
train/2103.jpg,49
train/2104.jpg,48
train/2105.jpg,20
train/2106.jpg,19
train/2107.jpg,3
train/2108.jpg,34
train/2109.jpg,33
train/2110.jpg,23
train/2111.jpg,10
train/2112.jpg,13
train/2113.jpg,27
train/2114.jpg,29
train/2115.jpg,21
train/2116.jpg,28
train/2117.jpg,27
train/2118.jpg,11
train/2119.jpg,25
train/2120.jpg,41
train/2121.jpg,1
train/2122.jpg,0
train/2123.jpg,29
train/2124.jpg,46
train/2125.jpg,1
train/2126.jpg,42
train/2127.jpg,5
train/2128.jpg,17
train/2129.jpg,49
train/2130.jpg,33
train/2131.jpg,14
train/2132.jpg,22
train/2133.jpg,2
train/2134.jpg,17
train/2135.jpg,46
train/2136.jpg,10
train/2137.jpg,33
train/2138.jpg,41
train/2139.jpg,44
train/2140.jpg,8
train/2141.jpg,25
train/2142.jpg,42
train/2143.jpg,9
train/2144.jpg,39
train/2145.jpg,10
train/2146.jpg,42
train/2147.jpg,0
train/2148.jpg,9
train/2149.jpg,12
train/2150.jpg,47
train/2151.jpg,4
train/2152.jpg,21
train/2153.jpg,41
train/2154.jpg,13
train/2155.jpg,6
train/2156.jpg,26
train/2157.jpg,18
train/2158.jpg,29
train/2159.jpg,13
train/2160.jpg,22
train/2161.jpg,26
train/2162.jpg,20
train/2163.jpg,24
train/2164.jpg,13
train/2165.jpg,6
train/2166.jpg,14
train/2167.jpg,17
train/2168.jpg,44
train/2169.jpg,32
train/2170.jpg,9
train/2171.jpg,26
train/2172.jpg,43
train/2173.jpg,1
train/2174.jpg,3
train/2175.jpg,43
train/2176.jpg,7
train/2177.jpg,38
train/2178.jpg,8
train/2179.jpg,25
train/2180.jpg,37
train/2181.jpg,23
train/2182.jpg,16
train/2183.jpg,46
train/2184.jpg,37
train/2185.jpg,49
train/2186.jpg,46
train/2187.jpg,48
train/2188.jpg,32
train/2189.jpg,1
train/2190.jpg,3
train/2191.jpg,18
train/2192.jpg,37
train/2193.jpg,33
train/2194.jpg,32
train/2195.jpg,15
train/2196.jpg,22
train/2197.jpg,6
train/2198.jpg,45
train/2199.jpg,6
train/2200.jpg,11
train/2201.jpg,33
train/2202.jpg,10
train/2203.jpg,4
train/2204.jpg,39
train/2205.jpg,46
train/2206.jpg,10
train/2207.jpg,9
train/2208.jpg,26
train/2209.jpg,38
train/2210.jpg,22
train/2211.jpg,4
train/2212.jpg,40
train/2213.jpg,10
train/2214.jpg,4
train/2215.jpg,46
train/2216.jpg,21
train/2217.jpg,0
train/2218.jpg,12
train/2219.jpg,40
train/2220.jpg,9
train/2221.jpg,44
train/2222.jpg,18
train/2223.jpg,46
train/2224.jpg,22
train/2225.jpg,36
train/2226.jpg,15
train/2227.jpg,31
train/2228.jpg,40
train/2229.jpg,17
train/2230.jpg,9
train/2231.jpg,46
train/2232.jpg,25
train/2233.jpg,42
train/2234.jpg,23
train/2235.jpg,16
train/2236.jpg,44
train/2237.jpg,36
train/2238.jpg,46
train/2239.jpg,40
train/2240.jpg,15
train/2241.jpg,9
train/2242.jpg,3
train/2243.jpg,11
train/2244.jpg,49
train/2245.jpg,23
train/2246.jpg,35
train/2247.jpg,21
train/2248.jpg,38
train/2249.jpg,12
train/2250.jpg,37
train/2251.jpg,41
train/2252.jpg,27
train/2253.jpg,18
train/2254.jpg,25
train/2255.jpg,7
train/2256.jpg,31
train/2257.jpg,1
train/2258.jpg,4
train/2259.jpg,34
train/2260.jpg,0
train/2261.jpg,40
train/2262.jpg,39
train/2263.jpg,47
train/2264.jpg,15
train/2265.jpg,17
train/2266.jpg,22
train/2267.jpg,12
train/2268.jpg,22
train/2269.jpg,35
train/2270.jpg,21
train/2271.jpg,38
train/2272.jpg,47
train/2273.jpg,37
train/2274.jpg,22
train/2275.jpg,35
train/2276.jpg,37
train/2277.jpg,42
train/2278.jpg,22
train/2279.jpg,40
train/2280.jpg,40
train/2281.jpg,3
train/2282.jpg,18
train/2283.jpg,20
train/2284.jpg,36
train/2285.jpg,15
train/2286.jpg,10
train/2287.jpg,47
train/2288.jpg,37
train/2289.jpg,41
train/2290.jpg,23
train/2291.jpg,36
train/2292.jpg,6
train/2293.jpg,21
train/2294.jpg,19
train/2295.jpg,45
train/2296.jpg,20
train/2297.jpg,29
train/2298.jpg,30
train/2299.jpg,38
train/2300.jpg,37
train/2301.jpg,32
train/2302.jpg,19
train/2303.jpg,38
train/2304.jpg,32
train/2305.jpg,15
train/2306.jpg,21
train/2307.jpg,28
train/2308.jpg,43
train/2309.jpg,46
train/2310.jpg,37
train/2311.jpg,29
train/2312.jpg,35
train/2313.jpg,3
train/2314.jpg,13
train/2315.jpg,20
train/2316.jpg,31
train/2317.jpg,32
train/2318.jpg,7
train/2319.jpg,45
train/2320.jpg,37
train/2321.jpg,6
train/2322.jpg,2
train/2323.jpg,4
train/2324.jpg,7
train/2325.jpg,11
train/2326.jpg,47
train/2327.jpg,2
train/2328.jpg,19
train/2329.jpg,27
train/2330.jpg,4
train/2331.jpg,34
train/2332.jpg,9
train/2333.jpg,39
train/2334.jpg,33
train/2335.jpg,33
train/2336.jpg,45
train/2337.jpg,43
train/2338.jpg,2
train/2339.jpg,44
train/2340.jpg,20
train/2341.jpg,24
train/2342.jpg,45
train/2343.jpg,42
train/2344.jpg,30
train/2345.jpg,40
train/2346.jpg,39
train/2347.jpg,46
train/2348.jpg,30
train/2349.jpg,40
train/2350.jpg,29
train/2351.jpg,48
train/2352.jpg,10
train/2353.jpg,34
train/2354.jpg,30
train/2355.jpg,14
train/2356.jpg,35
train/2357.jpg,5
train/2358.jpg,49
train/2359.jpg,45
train/2360.jpg,24
train/2361.jpg,39
train/2362.jpg,37
train/2363.jpg,36
train/2364.jpg,21
train/2365.jpg,42
train/2366.jpg,34
train/2367.jpg,1
train/2368.jpg,41
train/2369.jpg,39
train/2370.jpg,49
train/2371.jpg,42
train/2372.jpg,42
train/2373.jpg,9
train/2374.jpg,25
train/2375.jpg,17
train/2376.jpg,39
train/2377.jpg,15
train/2378.jpg,43
train/2379.jpg,10
train/2380.jpg,20
train/2381.jpg,9
train/2382.jpg,43
train/2383.jpg,29
train/2384.jpg,26
train/2385.jpg,46
train/2386.jpg,23
train/2387.jpg,26
train/2388.jpg,49
train/2389.jpg,47
train/2390.jpg,34
train/2391.jpg,14
train/2392.jpg,34
train/2393.jpg,37
train/2394.jpg,29
train/2395.jpg,29
train/2396.jpg,28
train/2397.jpg,18
train/2398.jpg,43
train/2399.jpg,43
train/2400.jpg,25
train/2401.jpg,47
train/2402.jpg,8
train/2403.jpg,4
train/2404.jpg,41
train/2405.jpg,36
train/2406.jpg,35
train/2407.jpg,47
train/2408.jpg,30
train/2409.jpg,28
train/2410.jpg,23
train/2411.jpg,24
train/2412.jpg,14
train/2413.jpg,14
train/2414.jpg,14
train/2415.jpg,32
train/2416.jpg,15
train/2417.jpg,41
train/2418.jpg,14
train/2419.jpg,44
train/2420.jpg,7
train/2421.jpg,33
train/2422.jpg,48
train/2423.jpg,23
train/2424.jpg,31
train/2425.jpg,41
train/2426.jpg,14
train/2427.jpg,10
train/2428.jpg,7
train/2429.jpg,48
train/2430.jpg,34
train/2431.jpg,31
train/2432.jpg,41
train/2433.jpg,19
train/2434.jpg,46
train/2435.jpg,43
train/2436.jpg,7
train/2437.jpg,10
train/2438.jpg,3
train/2439.jpg,48
train/2440.jpg,41
train/2441.jpg,2
train/2442.jpg,21
train/2443.jpg,49
train/2444.jpg,26
train/2445.jpg,12
train/2446.jpg,12
train/2447.jpg,31
train/2448.jpg,0
train/2449.jpg,5
train/2450.jpg,41
train/2451.jpg,19
train/2452.jpg,37
train/2453.jpg,40
train/2454.jpg,14
train/2455.jpg,7
train/2456.jpg,29
train/2457.jpg,28
train/2458.jpg,41
train/2459.jpg,30
train/2460.jpg,47
train/2461.jpg,5
train/2462.jpg,6
train/2463.jpg,30
train/2464.jpg,27
train/2465.jpg,21
train/2466.jpg,22
train/2467.jpg,35
train/2468.jpg,29
train/2469.jpg,41
train/2470.jpg,16
train/2471.jpg,12
train/2472.jpg,39
train/2473.jpg,1
train/2474.jpg,16
train/2475.jpg,20
train/2476.jpg,15
train/2477.jpg,23
train/2478.jpg,0
train/2479.jpg,1
train/2480.jpg,34
train/2481.jpg,28
train/2482.jpg,12
train/2483.jpg,38
train/2484.jpg,25
train/2485.jpg,42
train/2486.jpg,45
train/2487.jpg,35
train/2488.jpg,16
train/2489.jpg,44
train/2490.jpg,18
train/2491.jpg,49
train/2492.jpg,3
train/2493.jpg,17
train/2494.jpg,22
train/2495.jpg,27
train/2496.jpg,47
train/2497.jpg,42
train/2498.jpg,1
train/2499.jpg,37
train/2500.jpg,34
train/2501.jpg,22
train/2502.jpg,35
train/2503.jpg,22
train/2504.jpg,25
train/2505.jpg,47
train/2506.jpg,32
train/2507.jpg,11
train/2508.jpg,38
train/2509.jpg,34
train/2510.jpg,34
train/2511.jpg,37
train/2512.jpg,16
train/2513.jpg,36
train/2514.jpg,47
train/2515.jpg,14
train/2516.jpg,9
train/2517.jpg,47
train/2518.jpg,11
train/2519.jpg,5
train/2520.jpg,20
train/2521.jpg,4
train/2522.jpg,39
train/2523.jpg,5
train/2524.jpg,24
train/2525.jpg,49
train/2526.jpg,47
train/2527.jpg,9
train/2528.jpg,31
train/2529.jpg,28
train/2530.jpg,27
train/2531.jpg,2
train/2532.jpg,43
train/2533.jpg,49
train/2534.jpg,47
train/2535.jpg,15
train/2536.jpg,35
train/2537.jpg,20
train/2538.jpg,45
train/2539.jpg,42
train/2540.jpg,4
train/2541.jpg,8
train/2542.jpg,1
train/2543.jpg,13
train/2544.jpg,39
train/2545.jpg,21
train/2546.jpg,36
train/2547.jpg,12
train/2548.jpg,26
train/2549.jpg,4
train/2550.jpg,6
train/2551.jpg,24
train/2552.jpg,21
train/2553.jpg,21
train/2554.jpg,28
train/2555.jpg,24
train/2556.jpg,3
train/2557.jpg,40
train/2558.jpg,18
train/2559.jpg,10
train/2560.jpg,29
train/2561.jpg,4
train/2562.jpg,8
train/2563.jpg,38
train/2564.jpg,32
train/2565.jpg,28
train/2566.jpg,0
train/2567.jpg,40
train/2568.jpg,3
train/2569.jpg,26
train/2570.jpg,0
train/2571.jpg,47
train/2572.jpg,15
train/2573.jpg,44
train/2574.jpg,16
train/2575.jpg,12
train/2576.jpg,15
train/2577.jpg,35
train/2578.jpg,17
train/2579.jpg,46
train/2580.jpg,12
train/2581.jpg,18
train/2582.jpg,0
train/2583.jpg,19
train/2584.jpg,26
train/2585.jpg,42
train/2586.jpg,40
train/2587.jpg,15
train/2588.jpg,5
train/2589.jpg,47
train/2590.jpg,6
train/2591.jpg,39
train/2592.jpg,40
train/2593.jpg,37
train/2594.jpg,2
train/2595.jpg,18
train/2596.jpg,10
train/2597.jpg,27
train/2598.jpg,3
train/2599.jpg,18
train/2600.jpg,29
train/2601.jpg,46
train/2602.jpg,2
train/2603.jpg,18
train/2604.jpg,17
train/2605.jpg,4
train/2606.jpg,41
train/2607.jpg,12
train/2608.jpg,41
train/2609.jpg,28
train/2610.jpg,23
train/2611.jpg,10
train/2612.jpg,34
train/2613.jpg,38
train/2614.jpg,7
train/2615.jpg,46
train/2616.jpg,47
train/2617.jpg,17
train/2618.jpg,49
train/2619.jpg,11
train/2620.jpg,25
train/2621.jpg,36
train/2622.jpg,2
train/2623.jpg,10
train/2624.jpg,14
train/2625.jpg,18
train/2626.jpg,27
train/2627.jpg,41
train/2628.jpg,13
train/2629.jpg,3
train/2630.jpg,26
train/2631.jpg,14
train/2632.jpg,18
train/2633.jpg,13
train/2634.jpg,25
train/2635.jpg,43
train/2636.jpg,49
train/2637.jpg,33
train/2638.jpg,10
train/2639.jpg,43
train/2640.jpg,45
train/2641.jpg,22
train/2642.jpg,40
train/2643.jpg,34
train/2644.jpg,40
train/2645.jpg,23
train/2646.jpg,0
train/2647.jpg,42
train/2648.jpg,41
train/2649.jpg,5
train/2650.jpg,34
train/2651.jpg,48
train/2652.jpg,32
train/2653.jpg,22
train/2654.jpg,42
train/2655.jpg,14
train/2656.jpg,28
train/2657.jpg,33
train/2658.jpg,47
train/2659.jpg,44
train/2660.jpg,38
train/2661.jpg,41
train/2662.jpg,14
train/2663.jpg,41
train/2664.jpg,0
train/2665.jpg,14
train/2666.jpg,13
train/2667.jpg,14
train/2668.jpg,40
train/2669.jpg,10
train/2670.jpg,25
train/2671.jpg,11
train/2672.jpg,13
train/2673.jpg,44
train/2674.jpg,6
train/2675.jpg,6
train/2676.jpg,33
train/2677.jpg,41
train/2678.jpg,41
train/2679.jpg,27
train/2680.jpg,21
train/2681.jpg,18
train/2682.jpg,43
train/2683.jpg,20
train/2684.jpg,17
train/2685.jpg,7
train/2686.jpg,25
train/2687.jpg,46
train/2688.jpg,49
train/2689.jpg,39
train/2690.jpg,11
train/2691.jpg,33
train/2692.jpg,48
train/2693.jpg,10
train/2694.jpg,26
train/2695.jpg,0
train/2696.jpg,10
train/2697.jpg,27
train/2698.jpg,38
train/2699.jpg,33
train/2700.jpg,7
train/2701.jpg,7
train/2702.jpg,37
train/2703.jpg,12
train/2704.jpg,46
train/2705.jpg,20
train/2706.jpg,33
train/2707.jpg,49
train/2708.jpg,18
train/2709.jpg,16
train/2710.jpg,36
train/2711.jpg,17
train/2712.jpg,30
train/2713.jpg,43
train/2714.jpg,14
train/2715.jpg,17
train/2716.jpg,34
train/2717.jpg,43
train/2718.jpg,25
train/2719.jpg,16
train/2720.jpg,28
train/2721.jpg,25
train/2722.jpg,8
train/2723.jpg,22
train/2724.jpg,8
train/2725.jpg,44
train/2726.jpg,24
train/2727.jpg,46
train/2728.jpg,33
train/2729.jpg,5
train/2730.jpg,43
train/2731.jpg,12
train/2732.jpg,31
train/2733.jpg,32
train/2734.jpg,16
train/2735.jpg,33
train/2736.jpg,41
train/2737.jpg,24
train/2738.jpg,3
train/2739.jpg,41
train/2740.jpg,31
train/2741.jpg,33
train/2742.jpg,19
train/2743.jpg,24
train/2744.jpg,37
train/2745.jpg,12
train/2746.jpg,18
train/2747.jpg,34
train/2748.jpg,15
train/2749.jpg,37
train/2750.jpg,19
train/2751.jpg,0
train/2752.jpg,37
train/2753.jpg,15
train/2754.jpg,24
train/2755.jpg,16
train/2756.jpg,15
train/2757.jpg,27
train/2758.jpg,29
train/2759.jpg,49
train/2760.jpg,24
train/2761.jpg,5
train/2762.jpg,42
train/2763.jpg,12
train/2764.jpg,48
train/2765.jpg,8
train/2766.jpg,22
train/2767.jpg,17
train/2768.jpg,13
train/2769.jpg,17
train/2770.jpg,16
train/2771.jpg,16
train/2772.jpg,24
train/2773.jpg,30
train/2774.jpg,13
train/2775.jpg,11
train/2776.jpg,40
train/2777.jpg,28
train/2778.jpg,26
train/2779.jpg,2
train/2780.jpg,40
train/2781.jpg,48
train/2782.jpg,34
train/2783.jpg,44
train/2784.jpg,32
train/2785.jpg,41
train/2786.jpg,31
train/2787.jpg,10
train/2788.jpg,28
train/2789.jpg,1
train/2790.jpg,29
train/2791.jpg,34
train/2792.jpg,46
train/2793.jpg,40
train/2794.jpg,14
train/2795.jpg,33
train/2796.jpg,16
train/2797.jpg,48
train/2798.jpg,3
train/2799.jpg,5
train/2800.jpg,43
train/2801.jpg,10
train/2802.jpg,9
train/2803.jpg,26
train/2804.jpg,44
train/2805.jpg,6
train/2806.jpg,11
train/2807.jpg,0
train/2808.jpg,28
train/2809.jpg,38
train/2810.jpg,0
train/2811.jpg,29
train/2812.jpg,34
train/2813.jpg,22
train/2814.jpg,49
train/2815.jpg,16
train/2816.jpg,9
train/2817.jpg,20
train/2818.jpg,5
train/2819.jpg,15
train/2820.jpg,12
train/2821.jpg,30
train/2822.jpg,42
train/2823.jpg,41
train/2824.jpg,15
train/2825.jpg,13
train/2826.jpg,32
train/2827.jpg,26
train/2828.jpg,16
train/2829.jpg,1
train/2830.jpg,41
train/2831.jpg,0
train/2832.jpg,30
train/2833.jpg,41
train/2834.jpg,10
train/2835.jpg,16
train/2836.jpg,11
train/2837.jpg,37
train/2838.jpg,47
train/2839.jpg,37
train/2840.jpg,34
train/2841.jpg,46
train/2842.jpg,4
train/2843.jpg,45
train/2844.jpg,43
train/2845.jpg,29
train/2846.jpg,18
train/2847.jpg,10
train/2848.jpg,28
train/2849.jpg,4
train/2850.jpg,15
train/2851.jpg,29
train/2852.jpg,20
train/2853.jpg,20
train/2854.jpg,2
train/2855.jpg,48
train/2856.jpg,17
train/2857.jpg,25
train/2858.jpg,16
train/2859.jpg,17
train/2860.jpg,47
train/2861.jpg,42
train/2862.jpg,22
train/2863.jpg,34
train/2864.jpg,28
train/2865.jpg,25
train/2866.jpg,26
train/2867.jpg,21
train/2868.jpg,47
train/2869.jpg,11
train/2870.jpg,49
train/2871.jpg,18
train/2872.jpg,5
train/2873.jpg,47
train/2874.jpg,41
train/2875.jpg,38
train/2876.jpg,28
train/2877.jpg,46
train/2878.jpg,44
train/2879.jpg,22
train/2880.jpg,37
train/2881.jpg,33
train/2882.jpg,32
train/2883.jpg,24
train/2884.jpg,10
train/2885.jpg,41
train/2886.jpg,44
train/2887.jpg,15
train/2888.jpg,46
train/2889.jpg,10
train/2890.jpg,6
train/2891.jpg,48
train/2892.jpg,22
train/2893.jpg,24
train/2894.jpg,48
train/2895.jpg,42
train/2896.jpg,7
train/2897.jpg,22
train/2898.jpg,41
train/2899.jpg,33
train/2900.jpg,46
train/2901.jpg,6
train/2902.jpg,37
train/2903.jpg,4
train/2904.jpg,20
train/2905.jpg,7
train/2906.jpg,43
train/2907.jpg,28
train/2908.jpg,26
train/2909.jpg,24
train/2910.jpg,31
train/2911.jpg,0
train/2912.jpg,18
train/2913.jpg,22
train/2914.jpg,25
train/2915.jpg,32
train/2916.jpg,40
train/2917.jpg,7
train/2918.jpg,28
train/2919.jpg,31
train/2920.jpg,4
train/2921.jpg,31
train/2922.jpg,38
train/2923.jpg,28
train/2924.jpg,30
train/2925.jpg,10
train/2926.jpg,41
train/2927.jpg,35
train/2928.jpg,14
train/2929.jpg,41
train/2930.jpg,47
train/2931.jpg,46
train/2932.jpg,20
train/2933.jpg,8
train/2934.jpg,15
train/2935.jpg,37
train/2936.jpg,12
train/2937.jpg,7
train/2938.jpg,4
train/2939.jpg,15
train/2940.jpg,38
train/2941.jpg,4
train/2942.jpg,45
train/2943.jpg,13
train/2944.jpg,15
train/2945.jpg,17
train/2946.jpg,17
train/2947.jpg,18
train/2948.jpg,12
train/2949.jpg,47
train/2950.jpg,23
train/2951.jpg,17
train/2952.jpg,16
train/2953.jpg,2
train/2954.jpg,19
train/2955.jpg,38
train/2956.jpg,31
train/2957.jpg,39
train/2958.jpg,42
train/2959.jpg,40
train/2960.jpg,24
train/2961.jpg,40
train/2962.jpg,49
train/2963.jpg,39
train/2964.jpg,42
train/2965.jpg,47
train/2966.jpg,15
train/2967.jpg,24
train/2968.jpg,48
train/2969.jpg,31
train/2970.jpg,2
train/2971.jpg,16
train/2972.jpg,32
train/2973.jpg,35
train/2974.jpg,15
train/2975.jpg,7
train/2976.jpg,1
train/2977.jpg,0
train/2978.jpg,1
train/2979.jpg,31
train/2980.jpg,39
train/2981.jpg,44
train/2982.jpg,3
train/2983.jpg,30
train/2984.jpg,31
train/2985.jpg,47
train/2986.jpg,18
train/2987.jpg,23
train/2988.jpg,15
train/2989.jpg,45
train/2990.jpg,41
train/2991.jpg,40
train/2992.jpg,11
train/2993.jpg,9
train/2994.jpg,20
train/2995.jpg,21
train/2996.jpg,29
train/2997.jpg,1
train/2998.jpg,37
train/2999.jpg,40
train/3000.jpg,21
train/3001.jpg,43
train/3002.jpg,26
train/3003.jpg,46
train/3004.jpg,19
train/3005.jpg,37
train/3006.jpg,28
train/3007.jpg,0
train/3008.jpg,10
train/3009.jpg,19
train/3010.jpg,48
train/3011.jpg,26
train/3012.jpg,28
train/3013.jpg,15
train/3014.jpg,22
train/3015.jpg,34
train/3016.jpg,49
train/3017.jpg,43
train/3018.jpg,8
train/3019.jpg,18
train/3020.jpg,48
train/3021.jpg,11
train/3022.jpg,31
train/3023.jpg,12
train/3024.jpg,23
train/3025.jpg,10
train/3026.jpg,24
train/3027.jpg,35
train/3028.jpg,8
train/3029.jpg,44
train/3030.jpg,38
train/3031.jpg,34
train/3032.jpg,30
train/3033.jpg,15
train/3034.jpg,46
train/3035.jpg,24
train/3036.jpg,28
train/3037.jpg,40
train/3038.jpg,30
train/3039.jpg,28
train/3040.jpg,14
train/3041.jpg,6
train/3042.jpg,38
train/3043.jpg,26
train/3044.jpg,48
train/3045.jpg,40
train/3046.jpg,49
train/3047.jpg,14
train/3048.jpg,45
train/3049.jpg,5
train/3050.jpg,25
train/3051.jpg,37
train/3052.jpg,17
train/3053.jpg,24
train/3054.jpg,10
train/3055.jpg,39
train/3056.jpg,22
train/3057.jpg,36
train/3058.jpg,14
train/3059.jpg,38
train/3060.jpg,48
train/3061.jpg,4
train/3062.jpg,40
train/3063.jpg,47
train/3064.jpg,15
train/3065.jpg,8
train/3066.jpg,5
train/3067.jpg,29
train/3068.jpg,14
train/3069.jpg,22
train/3070.jpg,27
train/3071.jpg,47
train/3072.jpg,6
train/3073.jpg,32
train/3074.jpg,34
train/3075.jpg,6
train/3076.jpg,19
train/3077.jpg,36
train/3078.jpg,0
train/3079.jpg,6
train/3080.jpg,13
train/3081.jpg,10
train/3082.jpg,22
train/3083.jpg,12
train/3084.jpg,23
train/3085.jpg,6
train/3086.jpg,31
train/3087.jpg,40
train/3088.jpg,15
train/3089.jpg,30
train/3090.jpg,44
train/3091.jpg,12
train/3092.jpg,44
train/3093.jpg,14
train/3094.jpg,20
train/3095.jpg,41
train/3096.jpg,48
train/3097.jpg,49
train/3098.jpg,28
train/3099.jpg,0
train/3100.jpg,31
train/3101.jpg,40
train/3102.jpg,21
train/3103.jpg,26
train/3104.jpg,34
train/3105.jpg,33
train/3106.jpg,37
train/3107.jpg,14
train/3108.jpg,34
train/3109.jpg,22
train/3110.jpg,46
train/3111.jpg,20
train/3112.jpg,37
train/3113.jpg,20
train/3114.jpg,6
train/3115.jpg,20
train/3116.jpg,2
train/3117.jpg,19
train/3118.jpg,21
train/3119.jpg,17
train/3120.jpg,0
train/3121.jpg,31
train/3122.jpg,3
train/3123.jpg,49
train/3124.jpg,36
train/3125.jpg,35
train/3126.jpg,43
train/3127.jpg,43
train/3128.jpg,32
train/3129.jpg,47
train/3130.jpg,19
train/3131.jpg,31
train/3132.jpg,33
train/3133.jpg,1
train/3134.jpg,39
train/3135.jpg,18
train/3136.jpg,48
train/3137.jpg,19
train/3138.jpg,30
train/3139.jpg,2
train/3140.jpg,31
train/3141.jpg,15
train/3142.jpg,7
train/3143.jpg,44
train/3144.jpg,40
train/3145.jpg,9
train/3146.jpg,35
train/3147.jpg,11
train/3148.jpg,11
train/3149.jpg,37
train/3150.jpg,21
train/3151.jpg,28
train/3152.jpg,42
train/3153.jpg,6
train/3154.jpg,15
train/3155.jpg,40
train/3156.jpg,36
train/3157.jpg,43
train/3158.jpg,7
train/3159.jpg,12
train/3160.jpg,3
train/3161.jpg,49
train/3162.jpg,8
train/3163.jpg,49
train/3164.jpg,14
train/3165.jpg,35
train/3166.jpg,22
train/3167.jpg,22
train/3168.jpg,29
train/3169.jpg,23
train/3170.jpg,44
train/3171.jpg,6
train/3172.jpg,10
train/3173.jpg,2
train/3174.jpg,2
train/3175.jpg,15
train/3176.jpg,40
train/3177.jpg,18
train/3178.jpg,36
train/3179.jpg,20
train/3180.jpg,34
train/3181.jpg,38
train/3182.jpg,1
train/3183.jpg,18
train/3184.jpg,6
train/3185.jpg,22
train/3186.jpg,39
train/3187.jpg,39
train/3188.jpg,1
train/3189.jpg,33
train/3190.jpg,18
train/3191.jpg,14
train/3192.jpg,26
train/3193.jpg,26
train/3194.jpg,24
train/3195.jpg,49
train/3196.jpg,20
train/3197.jpg,37
train/3198.jpg,11
train/3199.jpg,20
train/3200.jpg,25
train/3201.jpg,16
train/3202.jpg,33
train/3203.jpg,21
train/3204.jpg,24
train/3205.jpg,43
train/3206.jpg,49
train/3207.jpg,38
train/3208.jpg,5
train/3209.jpg,48
train/3210.jpg,36
train/3211.jpg,17
train/3212.jpg,14
train/3213.jpg,48
train/3214.jpg,3
train/3215.jpg,41
train/3216.jpg,15
train/3217.jpg,44
train/3218.jpg,32
train/3219.jpg,1
train/3220.jpg,1
train/3221.jpg,32
train/3222.jpg,0
train/3223.jpg,31
train/3224.jpg,0
train/3225.jpg,24
train/3226.jpg,36
train/3227.jpg,6
train/3228.jpg,27
train/3229.jpg,42
train/3230.jpg,29
train/3231.jpg,13
train/3232.jpg,35
train/3233.jpg,41
train/3234.jpg,24
train/3235.jpg,17
train/3236.jpg,17
train/3237.jpg,0
train/3238.jpg,23
train/3239.jpg,44
train/3240.jpg,2
train/3241.jpg,33
train/3242.jpg,18
train/3243.jpg,22
train/3244.jpg,4
train/3245.jpg,16
train/3246.jpg,4
train/3247.jpg,5
train/3248.jpg,5
train/3249.jpg,11
train/3250.jpg,2
train/3251.jpg,32
train/3252.jpg,37
train/3253.jpg,10
train/3254.jpg,9
train/3255.jpg,38
train/3256.jpg,43
train/3257.jpg,48
train/3258.jpg,48
train/3259.jpg,30
train/3260.jpg,20
train/3261.jpg,28
train/3262.jpg,6
train/3263.jpg,48
train/3264.jpg,37
train/3265.jpg,43
train/3266.jpg,4
train/3267.jpg,0
train/3268.jpg,37
train/3269.jpg,11
train/3270.jpg,3
train/3271.jpg,34
train/3272.jpg,1
train/3273.jpg,48
train/3274.jpg,42
train/3275.jpg,12
train/3276.jpg,11
train/3277.jpg,17
train/3278.jpg,12
train/3279.jpg,0
train/3280.jpg,40
train/3281.jpg,45
train/3282.jpg,38
train/3283.jpg,35
train/3284.jpg,36
train/3285.jpg,30
train/3286.jpg,44
train/3287.jpg,36
train/3288.jpg,42
train/3289.jpg,48
train/3290.jpg,14
train/3291.jpg,11
train/3292.jpg,24
train/3293.jpg,45
train/3294.jpg,4
train/3295.jpg,8
train/3296.jpg,37
train/3297.jpg,13
train/3298.jpg,2
train/3299.jpg,32
train/3300.jpg,48
train/3301.jpg,12
train/3302.jpg,5
train/3303.jpg,27
train/3304.jpg,11
train/3305.jpg,35
train/3306.jpg,33
train/3307.jpg,37
train/3308.jpg,24
train/3309.jpg,8
train/3310.jpg,46
train/3311.jpg,14
train/3312.jpg,49
train/3313.jpg,5
train/3314.jpg,37
train/3315.jpg,7
train/3316.jpg,21
train/3317.jpg,22
train/3318.jpg,1
train/3319.jpg,34
train/3320.jpg,48
train/3321.jpg,48
train/3322.jpg,48
train/3323.jpg,41
train/3324.jpg,49
train/3325.jpg,47
train/3326.jpg,7
train/3327.jpg,28
train/3328.jpg,20
train/3329.jpg,9
train/3330.jpg,44
train/3331.jpg,35
train/3332.jpg,39
train/3333.jpg,17
train/3334.jpg,43
train/3335.jpg,24
train/3336.jpg,48
train/3337.jpg,44
train/3338.jpg,29
train/3339.jpg,40
train/3340.jpg,41
train/3341.jpg,3
train/3342.jpg,33
train/3343.jpg,6
train/3344.jpg,12
train/3345.jpg,3
train/3346.jpg,31
train/3347.jpg,14
train/3348.jpg,35
train/3349.jpg,37
train/3350.jpg,38
train/3351.jpg,13
train/3352.jpg,41
train/3353.jpg,40
train/3354.jpg,18
train/3355.jpg,23
train/3356.jpg,49
train/3357.jpg,19
train/3358.jpg,49
train/3359.jpg,27
train/3360.jpg,4
train/3361.jpg,17
train/3362.jpg,12
train/3363.jpg,20
train/3364.jpg,4
train/3365.jpg,33
train/3366.jpg,27
train/3367.jpg,33
train/3368.jpg,27
train/3369.jpg,29
train/3370.jpg,49
train/3371.jpg,44
train/3372.jpg,17
train/3373.jpg,39
train/3374.jpg,49
train/3375.jpg,24
train/3376.jpg,14
train/3377.jpg,18
train/3378.jpg,38
train/3379.jpg,35
train/3380.jpg,30
train/3381.jpg,42
train/3382.jpg,30
train/3383.jpg,26
train/3384.jpg,23
train/3385.jpg,47
train/3386.jpg,17
train/3387.jpg,3
train/3388.jpg,35
train/3389.jpg,13
train/3390.jpg,43
train/3391.jpg,14
train/3392.jpg,9
train/3393.jpg,7
train/3394.jpg,42
train/3395.jpg,32
train/3396.jpg,1
train/3397.jpg,19
train/3398.jpg,16
train/3399.jpg,4
train/3400.jpg,22
train/3401.jpg,2
train/3402.jpg,37
train/3403.jpg,20
train/3404.jpg,27
train/3405.jpg,39
train/3406.jpg,7
train/3407.jpg,23
train/3408.jpg,44
train/3409.jpg,9
train/3410.jpg,32
train/3411.jpg,20
train/3412.jpg,18
train/3413.jpg,10
train/3414.jpg,4
train/3415.jpg,32
train/3416.jpg,30
train/3417.jpg,28
train/3418.jpg,8
train/3419.jpg,21
train/3420.jpg,20
train/3421.jpg,30
train/3422.jpg,39
train/3423.jpg,27
train/3424.jpg,23
train/3425.jpg,33
train/3426.jpg,49
train/3427.jpg,14
train/3428.jpg,28
train/3429.jpg,45
train/3430.jpg,12
train/3431.jpg,43
train/3432.jpg,19
train/3433.jpg,6
train/3434.jpg,15
train/3435.jpg,15
train/3436.jpg,16
train/3437.jpg,46
train/3438.jpg,7
train/3439.jpg,23
train/3440.jpg,27
train/3441.jpg,18
train/3442.jpg,42
train/3443.jpg,49
train/3444.jpg,13
train/3445.jpg,9
train/3446.jpg,45
train/3447.jpg,26
train/3448.jpg,33
train/3449.jpg,25
train/3450.jpg,20
train/3451.jpg,46
train/3452.jpg,39
train/3453.jpg,22
train/3454.jpg,40
train/3455.jpg,2
train/3456.jpg,5
train/3457.jpg,20
train/3458.jpg,6
train/3459.jpg,24
train/3460.jpg,27
train/3461.jpg,17
train/3462.jpg,16
train/3463.jpg,34
train/3464.jpg,40
train/3465.jpg,10
train/3466.jpg,28
train/3467.jpg,24
train/3468.jpg,37
train/3469.jpg,10
train/3470.jpg,16
train/3471.jpg,36
train/3472.jpg,0
train/3473.jpg,9
train/3474.jpg,33
train/3475.jpg,13
train/3476.jpg,19
train/3477.jpg,25
train/3478.jpg,31
train/3479.jpg,34
train/3480.jpg,17
train/3481.jpg,16
train/3482.jpg,7
train/3483.jpg,37
train/3484.jpg,43
train/3485.jpg,42
train/3486.jpg,10
train/3487.jpg,7
train/3488.jpg,35
train/3489.jpg,43
train/3490.jpg,0
train/3491.jpg,35
train/3492.jpg,47
train/3493.jpg,29
train/3494.jpg,12
train/3495.jpg,43
train/3496.jpg,41
train/3497.jpg,22
train/3498.jpg,34
train/3499.jpg,34
train/3500.jpg,10
train/3501.jpg,17
train/3502.jpg,17
train/3503.jpg,46
train/3504.jpg,39
train/3505.jpg,37
train/3506.jpg,37
train/3507.jpg,29
train/3508.jpg,0
train/3509.jpg,46
train/3510.jpg,1
train/3511.jpg,47
train/3512.jpg,49
train/3513.jpg,34
train/3514.jpg,17
train/3515.jpg,31
train/3516.jpg,37
train/3517.jpg,18
train/3518.jpg,16
train/3519.jpg,45
train/3520.jpg,9
train/3521.jpg,7
train/3522.jpg,15
train/3523.jpg,6
train/3524.jpg,5
train/3525.jpg,26
train/3526.jpg,20
train/3527.jpg,14
train/3528.jpg,48
train/3529.jpg,11
train/3530.jpg,11
train/3531.jpg,39
train/3532.jpg,14
train/3533.jpg,0
train/3534.jpg,35
train/3535.jpg,10
train/3536.jpg,24
train/3537.jpg,36
train/3538.jpg,0
train/3539.jpg,5
train/3540.jpg,37
train/3541.jpg,2
train/3542.jpg,31
train/3543.jpg,8
train/3544.jpg,47
train/3545.jpg,20
train/3546.jpg,13
train/3547.jpg,18
train/3548.jpg,48
train/3549.jpg,32
train/3550.jpg,11
train/3551.jpg,43
train/3552.jpg,34
train/3553.jpg,2
train/3554.jpg,38
train/3555.jpg,16
train/3556.jpg,14
train/3557.jpg,44
train/3558.jpg,41
train/3559.jpg,38
train/3560.jpg,25
train/3561.jpg,9
train/3562.jpg,25
train/3563.jpg,6
train/3564.jpg,12
train/3565.jpg,8
train/3566.jpg,10
train/3567.jpg,47
train/3568.jpg,40
train/3569.jpg,41
train/3570.jpg,3
train/3571.jpg,41
train/3572.jpg,39
train/3573.jpg,25
train/3574.jpg,45
train/3575.jpg,9
train/3576.jpg,15
train/3577.jpg,22
train/3578.jpg,15
train/3579.jpg,4
train/3580.jpg,37
train/3581.jpg,20
train/3582.jpg,9
train/3583.jpg,21
train/3584.jpg,37
train/3585.jpg,20
train/3586.jpg,3
train/3587.jpg,25
train/3588.jpg,16
train/3589.jpg,1
train/3590.jpg,13
train/3591.jpg,26
train/3592.jpg,29
train/3593.jpg,12
train/3594.jpg,40
train/3595.jpg,31
train/3596.jpg,17
train/3597.jpg,0
train/3598.jpg,13
train/3599.jpg,3
train/3600.jpg,32
train/3601.jpg,19
train/3602.jpg,14
train/3603.jpg,37
train/3604.jpg,13
train/3605.jpg,48
train/3606.jpg,9
train/3607.jpg,20
train/3608.jpg,15
train/3609.jpg,47
train/3610.jpg,6
train/3611.jpg,17
train/3612.jpg,29
train/3613.jpg,27
train/3614.jpg,31
train/3615.jpg,44
train/3616.jpg,25
train/3617.jpg,10
train/3618.jpg,45
train/3619.jpg,19
train/3620.jpg,46
train/3621.jpg,37
train/3622.jpg,16
train/3623.jpg,7
train/3624.jpg,41
train/3625.jpg,45
train/3626.jpg,9
train/3627.jpg,5
train/3628.jpg,18
train/3629.jpg,3
train/3630.jpg,25
train/3631.jpg,40
train/3632.jpg,12
train/3633.jpg,32
train/3634.jpg,31
train/3635.jpg,28
train/3636.jpg,32
train/3637.jpg,41
train/3638.jpg,19
train/3639.jpg,40
train/3640.jpg,9
train/3641.jpg,37
train/3642.jpg,26
train/3643.jpg,43
train/3644.jpg,15
train/3645.jpg,44
train/3646.jpg,28
train/3647.jpg,28
train/3648.jpg,49
train/3649.jpg,1
train/3650.jpg,21
train/3651.jpg,46
train/3652.jpg,40
train/3653.jpg,13
train/3654.jpg,33
train/3655.jpg,35
train/3656.jpg,40
train/3657.jpg,8
train/3658.jpg,28
train/3659.jpg,3
train/3660.jpg,30
train/3661.jpg,39
train/3662.jpg,38
train/3663.jpg,19
train/3664.jpg,47
train/3665.jpg,17
train/3666.jpg,35
train/3667.jpg,18
train/3668.jpg,30
train/3669.jpg,38
train/3670.jpg,42
train/3671.jpg,28
train/3672.jpg,4
train/3673.jpg,38
train/3674.jpg,22
train/3675.jpg,2
train/3676.jpg,9
train/3677.jpg,25
train/3678.jpg,29
train/3679.jpg,21
train/3680.jpg,49
train/3681.jpg,5
train/3682.jpg,39
train/3683.jpg,13
train/3684.jpg,40
train/3685.jpg,27
train/3686.jpg,11
train/3687.jpg,21
train/3688.jpg,28
train/3689.jpg,36
train/3690.jpg,0
train/3691.jpg,33
train/3692.jpg,37
train/3693.jpg,27
train/3694.jpg,35
train/3695.jpg,33
train/3696.jpg,34
train/3697.jpg,40
train/3698.jpg,17
train/3699.jpg,17
train/3700.jpg,46
train/3701.jpg,22
train/3702.jpg,4
train/3703.jpg,32
train/3704.jpg,35
train/3705.jpg,36
train/3706.jpg,42
train/3707.jpg,23
train/3708.jpg,37
train/3709.jpg,28
train/3710.jpg,35
train/3711.jpg,8
train/3712.jpg,0
train/3713.jpg,20
train/3714.jpg,22
train/3715.jpg,10
train/3716.jpg,5
train/3717.jpg,4
train/3718.jpg,42
train/3719.jpg,42
train/3720.jpg,36
train/3721.jpg,34
train/3722.jpg,23
train/3723.jpg,31
train/3724.jpg,6
train/3725.jpg,25
train/3726.jpg,4
train/3727.jpg,40
train/3728.jpg,35
train/3729.jpg,23
train/3730.jpg,26
train/3731.jpg,12
train/3732.jpg,33
train/3733.jpg,22
train/3734.jpg,23
train/3735.jpg,8
train/3736.jpg,21
train/3737.jpg,29
train/3738.jpg,1
train/3739.jpg,25
train/3740.jpg,0
train/3741.jpg,37
train/3742.jpg,10
train/3743.jpg,0
train/3744.jpg,7
train/3745.jpg,26
train/3746.jpg,17
train/3747.jpg,37
train/3748.jpg,4
train/3749.jpg,36
train/3750.jpg,15
train/3751.jpg,12
train/3752.jpg,27
train/3753.jpg,48
train/3754.jpg,21
train/3755.jpg,15
train/3756.jpg,32
train/3757.jpg,40
train/3758.jpg,34
train/3759.jpg,42
train/3760.jpg,11
train/3761.jpg,27
train/3762.jpg,30
train/3763.jpg,1
train/3764.jpg,1
train/3765.jpg,45
train/3766.jpg,12
train/3767.jpg,6
train/3768.jpg,13
train/3769.jpg,12
train/3770.jpg,41
train/3771.jpg,48
train/3772.jpg,17
train/3773.jpg,4
train/3774.jpg,33
train/3775.jpg,17
train/3776.jpg,22
train/3777.jpg,48
train/3778.jpg,38
train/3779.jpg,19
train/3780.jpg,35
train/3781.jpg,15
train/3782.jpg,4
train/3783.jpg,14
train/3784.jpg,40
train/3785.jpg,39
train/3786.jpg,41
train/3787.jpg,22
train/3788.jpg,14
train/3789.jpg,17
train/3790.jpg,29
train/3791.jpg,36
train/3792.jpg,40
train/3793.jpg,37
train/3794.jpg,24
train/3795.jpg,30
train/3796.jpg,20
train/3797.jpg,5
train/3798.jpg,6
train/3799.jpg,10
train/3800.jpg,41
train/3801.jpg,11
train/3802.jpg,15
train/3803.jpg,7
train/3804.jpg,47
train/3805.jpg,45
train/3806.jpg,11
train/3807.jpg,19
train/3808.jpg,40
train/3809.jpg,44
train/3810.jpg,12
train/3811.jpg,18
train/3812.jpg,37
train/3813.jpg,18
train/3814.jpg,42
train/3815.jpg,17
train/3816.jpg,9
train/3817.jpg,33
train/3818.jpg,10
train/3819.jpg,49
train/3820.jpg,41
train/3821.jpg,28
train/3822.jpg,39
train/3823.jpg,20
train/3824.jpg,7
train/3825.jpg,3
train/3826.jpg,23
train/3827.jpg,41
train/3828.jpg,30
train/3829.jpg,46
train/3830.jpg,3
train/3831.jpg,38
train/3832.jpg,43
train/3833.jpg,4
train/3834.jpg,27
train/3835.jpg,9
train/3836.jpg,33
train/3837.jpg,42
train/3838.jpg,49
train/3839.jpg,39
train/3840.jpg,32
train/3841.jpg,49
train/3842.jpg,43
train/3843.jpg,34
train/3844.jpg,8
train/3845.jpg,34
train/3846.jpg,25
train/3847.jpg,42
train/3848.jpg,26
train/3849.jpg,9
train/3850.jpg,35
train/3851.jpg,41
train/3852.jpg,30
train/3853.jpg,39
train/3854.jpg,9
train/3855.jpg,1
train/3856.jpg,8
train/3857.jpg,9
train/3858.jpg,43
train/3859.jpg,27
train/3860.jpg,18
train/3861.jpg,10
train/3862.jpg,16
train/3863.jpg,14
train/3864.jpg,21
train/3865.jpg,7
train/3866.jpg,25
train/3867.jpg,14
train/3868.jpg,23
train/3869.jpg,36
train/3870.jpg,15
train/3871.jpg,44
train/3872.jpg,5
train/3873.jpg,48
train/3874.jpg,3
train/3875.jpg,36
train/3876.jpg,29
train/3877.jpg,28
train/3878.jpg,46
train/3879.jpg,20
train/3880.jpg,6
train/3881.jpg,12
train/3882.jpg,29
train/3883.jpg,34
train/3884.jpg,26
train/3885.jpg,6
train/3886.jpg,38
train/3887.jpg,16
train/3888.jpg,2
train/3889.jpg,4
train/3890.jpg,48
train/3891.jpg,22
train/3892.jpg,12
train/3893.jpg,18
train/3894.jpg,37
train/3895.jpg,33
train/3896.jpg,1
train/3897.jpg,17
train/3898.jpg,31
train/3899.jpg,37
train/3900.jpg,26
train/3901.jpg,16
train/3902.jpg,8
train/3903.jpg,4
train/3904.jpg,27
train/3905.jpg,19
train/3906.jpg,6
train/3907.jpg,10
train/3908.jpg,19
train/3909.jpg,31
train/3910.jpg,30
train/3911.jpg,26
train/3912.jpg,36
train/3913.jpg,48
train/3914.jpg,38
train/3915.jpg,46
train/3916.jpg,43
train/3917.jpg,10
train/3918.jpg,3
train/3919.jpg,37
train/3920.jpg,28
train/3921.jpg,42
train/3922.jpg,48
train/3923.jpg,3
train/3924.jpg,6
train/3925.jpg,34
train/3926.jpg,15
train/3927.jpg,2
train/3928.jpg,29
train/3929.jpg,12
train/3930.jpg,37
train/3931.jpg,37
train/3932.jpg,38
train/3933.jpg,19
train/3934.jpg,16
train/3935.jpg,41
train/3936.jpg,1
train/3937.jpg,40
train/3938.jpg,14
train/3939.jpg,8
train/3940.jpg,44
train/3941.jpg,40
train/3942.jpg,14
train/3943.jpg,32
train/3944.jpg,1
train/3945.jpg,40
train/3946.jpg,12
train/3947.jpg,26
train/3948.jpg,6
train/3949.jpg,47
train/3950.jpg,11
train/3951.jpg,30
train/3952.jpg,29
train/3953.jpg,29
train/3954.jpg,12
train/3955.jpg,6
train/3956.jpg,9
train/3957.jpg,1
train/3958.jpg,48
train/3959.jpg,31
train/3960.jpg,44
train/3961.jpg,8
train/3962.jpg,6
train/3963.jpg,32
train/3964.jpg,46
train/3965.jpg,44
train/3966.jpg,21
train/3967.jpg,20
train/3968.jpg,42
train/3969.jpg,40
train/3970.jpg,26
train/3971.jpg,14
train/3972.jpg,10
train/3973.jpg,47
train/3974.jpg,46
train/3975.jpg,41
train/3976.jpg,19
train/3977.jpg,8
train/3978.jpg,29
train/3979.jpg,14
train/3980.jpg,15
train/3981.jpg,37
train/3982.jpg,36
train/3983.jpg,14
train/3984.jpg,9
train/3985.jpg,16
train/3986.jpg,48
train/3987.jpg,25
train/3988.jpg,12
train/3989.jpg,0
train/3990.jpg,21
train/3991.jpg,26
train/3992.jpg,39
train/3993.jpg,44
train/3994.jpg,20
train/3995.jpg,48
train/3996.jpg,25
train/3997.jpg,37
train/3998.jpg,21
train/3999.jpg,39
train/4000.jpg,15
train/4001.jpg,32
train/4002.jpg,41
train/4003.jpg,3
train/4004.jpg,43
train/4005.jpg,48
train/4006.jpg,23
train/4007.jpg,2
train/4008.jpg,43
train/4009.jpg,4
train/4010.jpg,2
train/4011.jpg,47
train/4012.jpg,5
train/4013.jpg,33
train/4014.jpg,20
train/4015.jpg,35
train/4016.jpg,18
train/4017.jpg,28
train/4018.jpg,47
train/4019.jpg,4
train/4020.jpg,39
train/4021.jpg,20
train/4022.jpg,38
train/4023.jpg,32
train/4024.jpg,28
train/4025.jpg,16
train/4026.jpg,9
train/4027.jpg,29
train/4028.jpg,18
train/4029.jpg,27
train/4030.jpg,1
train/4031.jpg,41
train/4032.jpg,25
train/4033.jpg,43
train/4034.jpg,43
train/4035.jpg,27
train/4036.jpg,3
train/4037.jpg,7
train/4038.jpg,1
train/4039.jpg,35
train/4040.jpg,13
train/4041.jpg,40
train/4042.jpg,3
train/4043.jpg,30
train/4044.jpg,10
train/4045.jpg,4
train/4046.jpg,8
train/4047.jpg,31
train/4048.jpg,6
train/4049.jpg,14
train/4050.jpg,43
train/4051.jpg,45
train/4052.jpg,2
train/4053.jpg,1
train/4054.jpg,33
train/4055.jpg,17
train/4056.jpg,35
train/4057.jpg,15
train/4058.jpg,24
train/4059.jpg,33
train/4060.jpg,20
train/4061.jpg,28
train/4062.jpg,30
train/4063.jpg,46
train/4064.jpg,3
train/4065.jpg,31
train/4066.jpg,15
train/4067.jpg,46
train/4068.jpg,37
train/4069.jpg,18
train/4070.jpg,2
train/4071.jpg,30
train/4072.jpg,2
train/4073.jpg,30
train/4074.jpg,20
train/4075.jpg,19
train/4076.jpg,37
train/4077.jpg,28
train/4078.jpg,46
train/4079.jpg,44
train/4080.jpg,39
train/4081.jpg,24
train/4082.jpg,21
train/4083.jpg,43
train/4084.jpg,4
train/4085.jpg,25
train/4086.jpg,0
train/4087.jpg,26
train/4088.jpg,7
train/4089.jpg,24
train/4090.jpg,21
train/4091.jpg,45
train/4092.jpg,38
train/4093.jpg,28
train/4094.jpg,18
train/4095.jpg,21
train/4096.jpg,30
train/4097.jpg,7
train/4098.jpg,8
train/4099.jpg,49
train/4100.jpg,41
train/4101.jpg,28
train/4102.jpg,32
train/4103.jpg,25
train/4104.jpg,33
train/4105.jpg,5
train/4106.jpg,14
train/4107.jpg,27
train/4108.jpg,18
train/4109.jpg,3
train/4110.jpg,38
train/4111.jpg,10
train/4112.jpg,38
train/4113.jpg,17
train/4114.jpg,46
train/4115.jpg,41
train/4116.jpg,28
train/4117.jpg,25
train/4118.jpg,47
train/4119.jpg,31
train/4120.jpg,7
train/4121.jpg,19
train/4122.jpg,36
train/4123.jpg,33
train/4124.jpg,26
train/4125.jpg,47
train/4126.jpg,31
train/4127.jpg,37
train/4128.jpg,33
train/4129.jpg,48
train/4130.jpg,23
train/4131.jpg,2
train/4132.jpg,17
train/4133.jpg,20
train/4134.jpg,39
train/4135.jpg,49
train/4136.jpg,15
train/4137.jpg,30
train/4138.jpg,1
train/4139.jpg,7
train/4140.jpg,30
train/4141.jpg,35
train/4142.jpg,18
train/4143.jpg,22
train/4144.jpg,32
train/4145.jpg,45
train/4146.jpg,34
train/4147.jpg,4
train/4148.jpg,44
train/4149.jpg,40
train/4150.jpg,34
train/4151.jpg,49
train/4152.jpg,22
train/4153.jpg,9
train/4154.jpg,42
train/4155.jpg,18
train/4156.jpg,28
train/4157.jpg,12
train/4158.jpg,25
train/4159.jpg,12
train/4160.jpg,13
train/4161.jpg,44
train/4162.jpg,44
train/4163.jpg,34
train/4164.jpg,17
train/4165.jpg,44
train/4166.jpg,44
train/4167.jpg,3
train/4168.jpg,6
train/4169.jpg,43
train/4170.jpg,13
train/4171.jpg,43
train/4172.jpg,13
train/4173.jpg,4
train/4174.jpg,29
train/4175.jpg,21
train/4176.jpg,21
train/4177.jpg,20
train/4178.jpg,3
train/4179.jpg,2
train/4180.jpg,10
train/4181.jpg,20
train/4182.jpg,14
train/4183.jpg,37
train/4184.jpg,41
train/4185.jpg,22
train/4186.jpg,49
train/4187.jpg,46
train/4188.jpg,39
train/4189.jpg,22
train/4190.jpg,30
train/4191.jpg,0
train/4192.jpg,29
train/4193.jpg,26
train/4194.jpg,35
train/4195.jpg,29
train/4196.jpg,18
train/4197.jpg,43
train/4198.jpg,39
train/4199.jpg,22
train/4200.jpg,40
train/4201.jpg,12
train/4202.jpg,15
train/4203.jpg,18
train/4204.jpg,5
train/4205.jpg,48
train/4206.jpg,30
train/4207.jpg,17
train/4208.jpg,1
train/4209.jpg,27
train/4210.jpg,21
train/4211.jpg,30
train/4212.jpg,18
train/4213.jpg,27
train/4214.jpg,31
train/4215.jpg,11
train/4216.jpg,31
train/4217.jpg,41
train/4218.jpg,40
train/4219.jpg,4
train/4220.jpg,28
train/4221.jpg,22
train/4222.jpg,33
train/4223.jpg,21
train/4224.jpg,17
train/4225.jpg,23
train/4226.jpg,28
train/4227.jpg,34
train/4228.jpg,48
train/4229.jpg,29
train/4230.jpg,43
train/4231.jpg,10
train/4232.jpg,27
train/4233.jpg,6
train/4234.jpg,10
train/4235.jpg,7
train/4236.jpg,45
train/4237.jpg,21
train/4238.jpg,14
train/4239.jpg,28
train/4240.jpg,14
train/4241.jpg,0
train/4242.jpg,36
train/4243.jpg,32
train/4244.jpg,37
train/4245.jpg,0
train/4246.jpg,47
train/4247.jpg,38
train/4248.jpg,4
train/4249.jpg,34
train/4250.jpg,25
train/4251.jpg,12
train/4252.jpg,39
train/4253.jpg,19
train/4254.jpg,4
train/4255.jpg,2
train/4256.jpg,25
train/4257.jpg,48
train/4258.jpg,2
train/4259.jpg,9
train/4260.jpg,7
train/4261.jpg,22
train/4262.jpg,22
train/4263.jpg,43
train/4264.jpg,13
train/4265.jpg,28
train/4266.jpg,5
train/4267.jpg,49
train/4268.jpg,0
train/4269.jpg,24
train/4270.jpg,8
train/4271.jpg,46
train/4272.jpg,41
train/4273.jpg,41
train/4274.jpg,37
train/4275.jpg,12
train/4276.jpg,28
train/4277.jpg,15
train/4278.jpg,39
train/4279.jpg,22
train/4280.jpg,25
train/4281.jpg,47
train/4282.jpg,13
train/4283.jpg,15
train/4284.jpg,34
train/4285.jpg,38
train/4286.jpg,31
train/4287.jpg,3
train/4288.jpg,40
train/4289.jpg,31
train/4290.jpg,37
train/4291.jpg,28
train/4292.jpg,17
train/4293.jpg,33
train/4294.jpg,32
train/4295.jpg,20
train/4296.jpg,34
train/4297.jpg,18
train/4298.jpg,8
train/4299.jpg,33
train/4300.jpg,6
train/4301.jpg,41
train/4302.jpg,39
train/4303.jpg,2
train/4304.jpg,37
train/4305.jpg,6
train/4306.jpg,3
train/4307.jpg,4
train/4308.jpg,12
train/4309.jpg,44
train/4310.jpg,42
train/4311.jpg,25
train/4312.jpg,16
train/4313.jpg,22
train/4314.jpg,21
train/4315.jpg,0
train/4316.jpg,16
train/4317.jpg,19
train/4318.jpg,1
train/4319.jpg,28
train/4320.jpg,31
train/4321.jpg,38
train/4322.jpg,41
train/4323.jpg,22
train/4324.jpg,3
train/4325.jpg,1
train/4326.jpg,21
train/4327.jpg,18
train/4328.jpg,29
train/4329.jpg,45
train/4330.jpg,11
train/4331.jpg,24
train/4332.jpg,34
train/4333.jpg,7
train/4334.jpg,9
train/4335.jpg,41
train/4336.jpg,40
train/4337.jpg,16
train/4338.jpg,23
train/4339.jpg,43
train/4340.jpg,10
train/4341.jpg,22
train/4342.jpg,31
train/4343.jpg,25
train/4344.jpg,6
train/4345.jpg,9
train/4346.jpg,46
train/4347.jpg,37
train/4348.jpg,10
train/4349.jpg,15
train/4350.jpg,2
train/4351.jpg,47
train/4352.jpg,25
train/4353.jpg,16
train/4354.jpg,40
train/4355.jpg,25
train/4356.jpg,0
train/4357.jpg,28
train/4358.jpg,7
train/4359.jpg,0
train/4360.jpg,21
train/4361.jpg,43
train/4362.jpg,2
train/4363.jpg,41
train/4364.jpg,47
train/4365.jpg,43
train/4366.jpg,32
train/4367.jpg,36
train/4368.jpg,4
train/4369.jpg,41
train/4370.jpg,8
train/4371.jpg,38
train/4372.jpg,46
train/4373.jpg,44
train/4374.jpg,36
train/4375.jpg,1
train/4376.jpg,26
train/4377.jpg,29
train/4378.jpg,48
train/4379.jpg,33
train/4380.jpg,47
train/4381.jpg,27
train/4382.jpg,28
train/4383.jpg,20
train/4384.jpg,43
train/4385.jpg,45
train/4386.jpg,3
train/4387.jpg,45
train/4388.jpg,0
train/4389.jpg,43
train/4390.jpg,2
train/4391.jpg,37
train/4392.jpg,49
train/4393.jpg,28
train/4394.jpg,1
train/4395.jpg,7
train/4396.jpg,27
train/4397.jpg,2
train/4398.jpg,49
train/4399.jpg,32
train/4400.jpg,11
train/4401.jpg,32
train/4402.jpg,30
train/4403.jpg,9
train/4404.jpg,47
train/4405.jpg,25
train/4406.jpg,19
train/4407.jpg,45
train/4408.jpg,11
train/4409.jpg,49
train/4410.jpg,26
train/4411.jpg,10
train/4412.jpg,33
train/4413.jpg,16
train/4414.jpg,42
train/4415.jpg,6
train/4416.jpg,23
train/4417.jpg,10
train/4418.jpg,15
train/4419.jpg,34
train/4420.jpg,23
train/4421.jpg,8
train/4422.jpg,48
train/4423.jpg,37
train/4424.jpg,46
train/4425.jpg,34
train/4426.jpg,9
train/4427.jpg,16
train/4428.jpg,0
train/4429.jpg,47
train/4430.jpg,11
train/4431.jpg,17
train/4432.jpg,49
train/4433.jpg,5
train/4434.jpg,35
train/4435.jpg,32
train/4436.jpg,31
train/4437.jpg,36
train/4438.jpg,7
train/4439.jpg,21
train/4440.jpg,14
train/4441.jpg,13
train/4442.jpg,32
train/4443.jpg,12
train/4444.jpg,47
train/4445.jpg,46
train/4446.jpg,33
train/4447.jpg,34
train/4448.jpg,18
train/4449.jpg,4
train/4450.jpg,16
train/4451.jpg,9
train/4452.jpg,37
train/4453.jpg,37
train/4454.jpg,0
train/4455.jpg,37
train/4456.jpg,33
train/4457.jpg,48
train/4458.jpg,10
train/4459.jpg,19
train/4460.jpg,26
train/4461.jpg,7
train/4462.jpg,17
train/4463.jpg,7
train/4464.jpg,4
train/4465.jpg,10
train/4466.jpg,48
train/4467.jpg,41
train/4468.jpg,49
train/4469.jpg,40
train/4470.jpg,18
train/4471.jpg,22
train/4472.jpg,43
train/4473.jpg,9
train/4474.jpg,1
train/4475.jpg,32
train/4476.jpg,41
train/4477.jpg,40
train/4478.jpg,1
train/4479.jpg,0
train/4480.jpg,4
train/4481.jpg,16
train/4482.jpg,40
train/4483.jpg,22
train/4484.jpg,23
train/4485.jpg,40
train/4486.jpg,34
train/4487.jpg,7
train/4488.jpg,6
train/4489.jpg,15
train/4490.jpg,24
train/4491.jpg,5
train/4492.jpg,6
train/4493.jpg,20
train/4494.jpg,37
train/4495.jpg,19
train/4496.jpg,18
train/4497.jpg,36
train/4498.jpg,47
train/4499.jpg,27
train/4500.jpg,10
train/4501.jpg,7
train/4502.jpg,39
train/4503.jpg,47
train/4504.jpg,23
train/4505.jpg,15
train/4506.jpg,42
train/4507.jpg,12
train/4508.jpg,47
train/4509.jpg,33
train/4510.jpg,17
train/4511.jpg,3
train/4512.jpg,22
train/4513.jpg,33
train/4514.jpg,21
train/4515.jpg,14
train/4516.jpg,15
train/4517.jpg,10
train/4518.jpg,34
train/4519.jpg,2
train/4520.jpg,37
train/4521.jpg,8
train/4522.jpg,4
train/4523.jpg,0
train/4524.jpg,22
train/4525.jpg,8
train/4526.jpg,5
train/4527.jpg,25
train/4528.jpg,42
train/4529.jpg,32
train/4530.jpg,39
train/4531.jpg,43
train/4532.jpg,9
train/4533.jpg,23
train/4534.jpg,16
train/4535.jpg,16
train/4536.jpg,47
train/4537.jpg,16
train/4538.jpg,38
train/4539.jpg,44
train/4540.jpg,45
train/4541.jpg,38
train/4542.jpg,33
train/4543.jpg,8
train/4544.jpg,41
train/4545.jpg,19
train/4546.jpg,19
train/4547.jpg,8
train/4548.jpg,33
train/4549.jpg,18
train/4550.jpg,12
train/4551.jpg,16
train/4552.jpg,44
train/4553.jpg,44
train/4554.jpg,14
train/4555.jpg,19
train/4556.jpg,38
train/4557.jpg,13
train/4558.jpg,40
train/4559.jpg,15
train/4560.jpg,27
train/4561.jpg,12
train/4562.jpg,44
train/4563.jpg,18
train/4564.jpg,46
train/4565.jpg,13
train/4566.jpg,23
train/4567.jpg,25
train/4568.jpg,42
train/4569.jpg,1
train/4570.jpg,3
train/4571.jpg,2
train/4572.jpg,16
train/4573.jpg,16
train/4574.jpg,25
train/4575.jpg,16
train/4576.jpg,18
train/4577.jpg,4
train/4578.jpg,35
train/4579.jpg,37
train/4580.jpg,6
train/4581.jpg,11
train/4582.jpg,7
train/4583.jpg,1
train/4584.jpg,8
train/4585.jpg,41
train/4586.jpg,35
train/4587.jpg,27
train/4588.jpg,23
train/4589.jpg,42
train/4590.jpg,20
train/4591.jpg,44
train/4592.jpg,27
train/4593.jpg,33
train/4594.jpg,13
train/4595.jpg,36
train/4596.jpg,34
train/4597.jpg,43
train/4598.jpg,2
train/4599.jpg,3
train/4600.jpg,41
train/4601.jpg,23
train/4602.jpg,2
train/4603.jpg,19
train/4604.jpg,3
train/4605.jpg,4
train/4606.jpg,37
train/4607.jpg,10
train/4608.jpg,48
train/4609.jpg,25
train/4610.jpg,37
train/4611.jpg,13
train/4612.jpg,39
train/4613.jpg,18
train/4614.jpg,14
train/4615.jpg,20
train/4616.jpg,2
train/4617.jpg,43
train/4618.jpg,25
train/4619.jpg,48
train/4620.jpg,16
train/4621.jpg,46
train/4622.jpg,18
train/4623.jpg,48
train/4624.jpg,44
train/4625.jpg,24
train/4626.jpg,32
train/4627.jpg,33
train/4628.jpg,10
train/4629.jpg,28
train/4630.jpg,30
train/4631.jpg,18
train/4632.jpg,32
train/4633.jpg,9
train/4634.jpg,39
train/4635.jpg,42
train/4636.jpg,48
train/4637.jpg,40
train/4638.jpg,40
train/4639.jpg,35
train/4640.jpg,47
train/4641.jpg,18
train/4642.jpg,32
train/4643.jpg,29
train/4644.jpg,7
train/4645.jpg,13
train/4646.jpg,34
train/4647.jpg,29
train/4648.jpg,16
train/4649.jpg,14
train/4650.jpg,13
train/4651.jpg,18
train/4652.jpg,21
train/4653.jpg,0
train/4654.jpg,5
train/4655.jpg,32
train/4656.jpg,4
train/4657.jpg,1
train/4658.jpg,36
train/4659.jpg,16
train/4660.jpg,34
train/4661.jpg,4
train/4662.jpg,39
train/4663.jpg,13
train/4664.jpg,49
train/4665.jpg,30
train/4666.jpg,3
train/4667.jpg,18
train/4668.jpg,35
train/4669.jpg,40
train/4670.jpg,32
train/4671.jpg,18
train/4672.jpg,2
train/4673.jpg,19
train/4674.jpg,29
train/4675.jpg,30
train/4676.jpg,0
train/4677.jpg,1
train/4678.jpg,13
train/4679.jpg,36
train/4680.jpg,41
train/4681.jpg,4
train/4682.jpg,13
train/4683.jpg,6
train/4684.jpg,27
train/4685.jpg,40
train/4686.jpg,9
train/4687.jpg,32
train/4688.jpg,47
train/4689.jpg,2
train/4690.jpg,24
train/4691.jpg,8
train/4692.jpg,18
train/4693.jpg,33
train/4694.jpg,41
train/4695.jpg,31
train/4696.jpg,31
train/4697.jpg,25
train/4698.jpg,16
train/4699.jpg,13
train/4700.jpg,45
train/4701.jpg,30
train/4702.jpg,23
train/4703.jpg,1
train/4704.jpg,16
train/4705.jpg,29
train/4706.jpg,42
train/4707.jpg,35
train/4708.jpg,3
train/4709.jpg,36
train/4710.jpg,5
train/4711.jpg,10
train/4712.jpg,2
train/4713.jpg,16
train/4714.jpg,0
train/4715.jpg,17
train/4716.jpg,8
train/4717.jpg,39
train/4718.jpg,12
train/4719.jpg,26
train/4720.jpg,40
train/4721.jpg,3
train/4722.jpg,28
train/4723.jpg,6
train/4724.jpg,14
train/4725.jpg,20
train/4726.jpg,19
train/4727.jpg,1
train/4728.jpg,9
train/4729.jpg,33
train/4730.jpg,23
train/4731.jpg,21
train/4732.jpg,22
train/4733.jpg,10
train/4734.jpg,9
train/4735.jpg,45
train/4736.jpg,35
train/4737.jpg,3
train/4738.jpg,40
train/4739.jpg,2
train/4740.jpg,35
train/4741.jpg,20
train/4742.jpg,39
train/4743.jpg,35
train/4744.jpg,1
train/4745.jpg,28
train/4746.jpg,26
train/4747.jpg,6
train/4748.jpg,40
train/4749.jpg,2
train/4750.jpg,18
train/4751.jpg,36
train/4752.jpg,46
train/4753.jpg,4
train/4754.jpg,10
train/4755.jpg,41
train/4756.jpg,30
train/4757.jpg,10
train/4758.jpg,32
train/4759.jpg,17
train/4760.jpg,21
train/4761.jpg,17
train/4762.jpg,24
train/4763.jpg,34
train/4764.jpg,38
train/4765.jpg,24
train/4766.jpg,24
train/4767.jpg,5
train/4768.jpg,3
train/4769.jpg,1
train/4770.jpg,41
train/4771.jpg,48
train/4772.jpg,40
train/4773.jpg,36
train/4774.jpg,17
train/4775.jpg,2
train/4776.jpg,38
train/4777.jpg,42
train/4778.jpg,41
train/4779.jpg,34
train/4780.jpg,22
train/4781.jpg,3
train/4782.jpg,5
train/4783.jpg,38
train/4784.jpg,24
train/4785.jpg,22
train/4786.jpg,6
train/4787.jpg,46
train/4788.jpg,3
train/4789.jpg,5
train/4790.jpg,10
train/4791.jpg,41
train/4792.jpg,44
train/4793.jpg,7
train/4794.jpg,10
train/4795.jpg,9
train/4796.jpg,36
train/4797.jpg,16
train/4798.jpg,26
train/4799.jpg,13
train/4800.jpg,19
train/4801.jpg,29
train/4802.jpg,26
train/4803.jpg,26
train/4804.jpg,18
train/4805.jpg,33
train/4806.jpg,27
train/4807.jpg,19
train/4808.jpg,9
train/4809.jpg,43
train/4810.jpg,17
train/4811.jpg,23
train/4812.jpg,23
train/4813.jpg,27
train/4814.jpg,6
train/4815.jpg,37
train/4816.jpg,4
train/4817.jpg,31
train/4818.jpg,28
train/4819.jpg,36
train/4820.jpg,10
train/4821.jpg,40
train/4822.jpg,30
train/4823.jpg,28
train/4824.jpg,22
train/4825.jpg,2
train/4826.jpg,28
train/4827.jpg,29
train/4828.jpg,28
train/4829.jpg,22
train/4830.jpg,10
train/4831.jpg,5
train/4832.jpg,34
train/4833.jpg,15
train/4834.jpg,27
train/4835.jpg,19
train/4836.jpg,34
train/4837.jpg,4
train/4838.jpg,48
train/4839.jpg,7
train/4840.jpg,26
train/4841.jpg,18
train/4842.jpg,14
train/4843.jpg,20
train/4844.jpg,45
train/4845.jpg,12
train/4846.jpg,23
train/4847.jpg,33
train/4848.jpg,30
train/4849.jpg,15
train/4850.jpg,13
train/4851.jpg,17
train/4852.jpg,36
train/4853.jpg,8
train/4854.jpg,9
train/4855.jpg,41
train/4856.jpg,2
train/4857.jpg,41
train/4858.jpg,31
train/4859.jpg,15
train/4860.jpg,3
train/4861.jpg,43
train/4862.jpg,4
train/4863.jpg,16
train/4864.jpg,36
train/4865.jpg,16
train/4866.jpg,24
train/4867.jpg,28
train/4868.jpg,5
train/4869.jpg,35
train/4870.jpg,35
train/4871.jpg,9
train/4872.jpg,30
train/4873.jpg,42
train/4874.jpg,23
train/4875.jpg,23
train/4876.jpg,14
train/4877.jpg,46
train/4878.jpg,38
train/4879.jpg,12
train/4880.jpg,8
train/4881.jpg,20
train/4882.jpg,27
train/4883.jpg,30
train/4884.jpg,32
train/4885.jpg,6
train/4886.jpg,43
train/4887.jpg,30
train/4888.jpg,40
train/4889.jpg,12
train/4890.jpg,1
train/4891.jpg,25
train/4892.jpg,21
train/4893.jpg,45
train/4894.jpg,31
train/4895.jpg,23
train/4896.jpg,36
train/4897.jpg,44
train/4898.jpg,7
train/4899.jpg,23
train/4900.jpg,1
train/4901.jpg,31
train/4902.jpg,0
train/4903.jpg,10
train/4904.jpg,41
train/4905.jpg,1
train/4906.jpg,5
train/4907.jpg,5
train/4908.jpg,19
train/4909.jpg,14
train/4910.jpg,49
train/4911.jpg,7
train/4912.jpg,45
train/4913.jpg,31
train/4914.jpg,33
train/4915.jpg,13
train/4916.jpg,22
train/4917.jpg,22
train/4918.jpg,8
train/4919.jpg,40
train/4920.jpg,49
train/4921.jpg,12
train/4922.jpg,25
train/4923.jpg,15
train/4924.jpg,24
train/4925.jpg,45
train/4926.jpg,16
train/4927.jpg,20
train/4928.jpg,8
train/4929.jpg,0
train/4930.jpg,22
train/4931.jpg,24
train/4932.jpg,0
train/4933.jpg,10
train/4934.jpg,18
train/4935.jpg,22
train/4936.jpg,42
train/4937.jpg,16
train/4938.jpg,29
train/4939.jpg,3
train/4940.jpg,42
train/4941.jpg,10
train/4942.jpg,31
train/4943.jpg,0
train/4944.jpg,13
train/4945.jpg,41
train/4946.jpg,18
train/4947.jpg,37
train/4948.jpg,35
train/4949.jpg,49
train/4950.jpg,33
train/4951.jpg,26
train/4952.jpg,34
train/4953.jpg,30
train/4954.jpg,11
